d1ffe129-2e27-4ce4-a62a-68ba54e6e64d,32637.09,483.39,53bebfa3-e52e-4978-9104-1a5cea110471,17844629-c9a0-405c-824a-b4bcd9e79742
73d59d4f-5fb7-431d-90da-750389fb0248,66642.01,471.51,4e174ec5-c29b-4484-a2ec-f1dd6e254ac2,e1816686-7df7-4ca4-b867-47c802408ff7
750f9a16-7fce-499d-89a9-c80062761b16,36295.32,269.58,4f5a9f2f-a8d8-40a9-8c65-cc72af885cda,e1816686-7df7-4ca4-b867-47c802408ff7
9f8ed91f-810a-4f65-9650-531db03a6178,31481.46,145.12,5716bdce-2217-4f01-97d7-48b37afb58d9,7b4134c4-dc4f-4b01-96da-ace8cb06c491
569a1d49-13cf-4cf8-832e-fda3eda215c8,45677.94,163.1,426b5a81-1afe-4bee-93ee-1b163d2cec64,e1816686-7df7-4ca4-b867-47c802408ff7
a6de9bde-a64d-4194-a32c-ece631035adb,34952.63,653.4,362fa336-3b7e-467c-9f07-000caf8a58b9,e5ed1249-9a29-4032-91fa-6b046c254f59
4f3b229a-a0bb-4abb-b2c3-4564f8b75afd,66388.07,120.96,602e2f3f-e297-4ec3-a67c-a75ff55d8bd8,e5ed1249-9a29-4032-91fa-6b046c254f59
ef74f65e-be42-43cd-9438-c80bc754b7f5,39659.96,922.93,26dc0b88-c61a-4fd8-bcf2-152a366d154c,bcb6c8df-8c62-4816-a00d-006931ae9315
7a9c473a-e05e-4870-9c2d-add6febd8cb6,85928.54,476.74,73aef801-7ebe-4157-af00-c083aa8af2af,e5ed1249-9a29-4032-91fa-6b046c254f59
ed177bfb-5872-48ec-901c-604e2af2811f,71904.93,695.2,c1c3d71a-89fc-4da4-b4af-5dc58c833067,7b4134c4-dc4f-4b01-96da-ace8cb06c491
d82240bc-ba2a-4219-b83e-91d78ab264d3,39431.41,519.08,1e986b0c-0016-4097-b85c-9f39e2350541,bcb6c8df-8c62-4816-a00d-006931ae9315
535b6c37-ce16-4f82-8765-0b85d91eae6f,74113.48,645.54,b4b0950b-2a9f-405d-a0d8-87ce9548da6a,e5ed1249-9a29-4032-91fa-6b046c254f59
04059699-d680-4ba2-ad8e-ac6087d29d58,83466.79,683.86,ffd394dc-bcfe-44e3-8c34-f2be977ca138,bcb6c8df-8c62-4816-a00d-006931ae9315
116e25e8-19de-4455-9c9d-7d609a091745,35688.99,103.46,fc3902cb-810e-48d9-8cca-1020d5642aa5,e5ed1249-9a29-4032-91fa-6b046c254f59
f8958031-36d7-4198-a14b-3d1566c38c2b,70759.31,292.34,c67d0f24-174e-48b8-9c32-f5e2b6fd0e41,17844629-c9a0-405c-824a-b4bcd9e79742
a6fdb479-755b-4503-a5b8-1b3d914ed355,33001.25,418.54,82844ea3-3a42-447f-8918-df742b41b58c,e5ed1249-9a29-4032-91fa-6b046c254f59
8cf61a9d-e240-4a86-b6d7-a1fb06bac031,47051.56,978.17,2d9247d0-7f3e-43b5-8f39-186e832fe239,bcb6c8df-8c62-4816-a00d-006931ae9315
53c6ec43-7902-44f3-b1cc-a60b8cdf8f06,65178.41,566.89,aa8aea53-682f-497d-a6fb-bfccb0404142,bcb6c8df-8c62-4816-a00d-006931ae9315
6e43de28-c0c4-4d28-a691-2145f073b667,71205.58,655.39,c37e0ad4-ffe7-4d94-ba41-541ac11eb6fc,bcb6c8df-8c62-4816-a00d-006931ae9315
53c215a6-989d-4a43-8a5f-0d928559e6ae,54080.4,487.95,91836b08-26fe-4061-8e65-799a7d2c3029,bcb6c8df-8c62-4816-a00d-006931ae9315
2afe7ff4-5bee-45d8-8dda-339a5d23965f,43347.61,238.04,497be443-250c-4d9f-b60c-7ebe1336d4e8,17844629-c9a0-405c-824a-b4bcd9e79742
f6436c34-dd97-4411-8631-93da3a7db713,87806.03,950.1,a9d7ace0-ae79-48c5-b0db-bc029e2bb95f,e5ed1249-9a29-4032-91fa-6b046c254f59
c110f45d-8adf-4de5-9a27-32d5e4fb2347,66474.55,814.45,162aa47a-efb5-49d5-a419-dfc2c2fbc9d1,e1816686-7df7-4ca4-b867-47c802408ff7
c74aab38-984a-46cf-a3f2-da7b023d259e,88975.21,993.46,be47e43a-664a-4222-a2f0-89f543102f6c,bcb6c8df-8c62-4816-a00d-006931ae9315
f29e62d7-77ff-4f0c-aa20-f008754fe60f,52770.13,277.85,53bebfa3-e52e-4978-9104-1a5cea110471,7b4134c4-dc4f-4b01-96da-ace8cb06c491
6ba74497-9a39-4cf6-9a32-7835adfe29d6,57953.61,148.79,3ddb9bd3-d6b7-4b71-a367-4f3ede7cd7c9,e1816686-7df7-4ca4-b867-47c802408ff7
5c5512e5-cf25-4379-a648-054026dab33a,45933.38,359.42,9c7bc017-00aa-48e0-9e9f-8d23739c2cd9,bcb6c8df-8c62-4816-a00d-006931ae9315
fcadcc55-97de-4692-bb5a-4b2fa5601b7e,62613.63,629.85,3c4f29ae-459f-41d6-bb47-e3f2f04b7e63,bcb6c8df-8c62-4816-a00d-006931ae9315
ae4f576b-1ae9-4132-ace3-7444a5cba80b,83744.42,365.9,79878951-907a-4dd8-8652-cfcf5c91bb5e,e5ed1249-9a29-4032-91fa-6b046c254f59
0b3cc9e2-9dc5-4131-a5fb-040e6d37b48c,37574.28,901.76,3131c154-a5ce-492c-8ebf-bb3bcc651746,7b4134c4-dc4f-4b01-96da-ace8cb06c491
d753b2f4-1ac3-45cc-81d7-b98144fc2258,80521.5,76.79,6182674e-6bb1-44d7-b435-08ec2f9387b5,e5ed1249-9a29-4032-91fa-6b046c254f59
e1f7a22e-6e05-4672-80d7-dc462d532ca6,38478.17,116.87,dd208296-6b9e-438a-ae89-9c94cc8c62f7,bcb6c8df-8c62-4816-a00d-006931ae9315
b25ca484-5de4-46a1-bcf6-2a1238d9d7bd,72191.63,595.81,1e3a1a12-19ab-4cb1-b644-e5c4ba83d0ef,17844629-c9a0-405c-824a-b4bcd9e79742
4e5bada7-f19b-4b0e-b90e-fd80e2955e56,34324.71,39.62,84bb62f4-14fb-4592-9426-bdf85d01550d,e5ed1249-9a29-4032-91fa-6b046c254f59
2dca311e-5b82-4e97-8f87-67bfa24435a5,71518.67,869.82,5bb32553-080d-4bd2-b0cd-8048b58af6fe,e5ed1249-9a29-4032-91fa-6b046c254f59
2fa1c8fa-2e83-4106-82fb-237a936a6627,69435.02,618.57,47d8f45c-b3fa-45e3-ba5b-227d65ed3054,bcb6c8df-8c62-4816-a00d-006931ae9315
0a2272b2-5902-4462-9d91-4eeefbd3609a,40543.68,482.01,d9626ed5-bb2b-4e5c-833f-71e849b5233e,17844629-c9a0-405c-824a-b4bcd9e79742
243841d3-40b8-4e34-9511-d2ce0d06c3b1,81326.2,107.78,6c66e047-2efd-4ffd-9705-515b8c2eb0e9,e1816686-7df7-4ca4-b867-47c802408ff7
07294098-ec68-4c87-ba01-1aae58089239,72840.31,206.51,592cb8df-5667-483c-b651-0d74a9503be8,7b4134c4-dc4f-4b01-96da-ace8cb06c491
404655bd-704b-4620-8acf-637e38072b0c,81683.95,704.23,c8efa9b7-37af-4f6f-9bb2-e9ca0e98e8bf,bcb6c8df-8c62-4816-a00d-006931ae9315
c7e1e234-f00a-4c29-8edc-f3d5464c8776,78811.12,863.4,6a6d6053-c164-41bb-ab3e-6bb939992857,7b4134c4-dc4f-4b01-96da-ace8cb06c491
4fb3935c-4eb4-4c27-9de2-2e4792d2b71f,62605.14,196.22,0023d06d-a564-448a-941d-8f777bd58b15,7b4134c4-dc4f-4b01-96da-ace8cb06c491
a637d918-a195-4c92-9db8-2546044fd7df,75345.94,522.34,318d9348-77c8-4e70-98b0-d93d3782fec4,e1816686-7df7-4ca4-b867-47c802408ff7
6c4c2883-ec82-4132-ab27-8a903ccedbf0,88000.44,292.21,c86eaf44-9ca5-4279-8ede-d7597191bac0,e1816686-7df7-4ca4-b867-47c802408ff7
245132b8-3462-45aa-b682-156499006886,62469.06,111.18,4c71dec3-959a-4563-94fe-6599261adfc9,17844629-c9a0-405c-824a-b4bcd9e79742
53f050da-14ac-441f-8f80-c8c7147f679d,62957.42,38.17,f9daa4d6-2bc2-4c09-b5af-dc65bf087f2f,e1816686-7df7-4ca4-b867-47c802408ff7
b2545283-7096-4a10-ba45-5fd197e0b1c9,33834.78,966.02,9ff911e2-4f9b-4b4d-9dfa-d57850199c30,e5ed1249-9a29-4032-91fa-6b046c254f59
cdc0e9a0-b558-40a7-bc2e-7b9c5b7023da,35838.96,519.42,1e4eb3a9-e815-4220-8c7f-45958bb70745,e5ed1249-9a29-4032-91fa-6b046c254f59
c3f43c02-2c81-48f1-9abe-26fcb73b0781,39501.16,743.3,121b761c-573e-496f-8fda-9c9ff3d19ff2,e5ed1249-9a29-4032-91fa-6b046c254f59
0a96df56-6ad2-4594-83a9-b30b33b4eb3a,40169.75,84.69,3814943c-4be1-4b98-9ecb-544091b4f1a0,e5ed1249-9a29-4032-91fa-6b046c254f59
0c31ad8a-a048-421d-b49d-400cdb3d64a3,73779.31,363.25,28e603f7-6ccd-46b7-8089-a20ea07ffa7b,7b4134c4-dc4f-4b01-96da-ace8cb06c491
fbc425ea-1a98-4622-94e4-11aeb3421e38,42085.95,732.72,896d3146-1b1b-421e-9f0c-f3e36453fa2c,17844629-c9a0-405c-824a-b4bcd9e79742
e4b24d62-0b08-43a2-b848-49e90c437e0f,45225.06,766.32,46c84baa-90ca-48e2-8d5f-5eaf9e27aad9,7b4134c4-dc4f-4b01-96da-ace8cb06c491
581bacda-c8ae-4265-9c58-6c68faa233bf,54182.01,30.74,f62733bb-877f-4d09-8bd0-a59c8878fa37,e5ed1249-9a29-4032-91fa-6b046c254f59
b2a4f8db-bab5-48bb-9504-16a2a7b830ca,78503.16,557.78,4278db5b-9fee-411d-ab1d-a9d29790d065,e5ed1249-9a29-4032-91fa-6b046c254f59
f74e8052-e226-409f-9006-24af9f5f639e,88621.54,542.26,f68d5e55-9b88-4d66-87b3-8cdba0bae915,e1816686-7df7-4ca4-b867-47c802408ff7
fadd66a6-d2c3-4849-9055-27be1339b77a,78298.67,243.57,551d943e-b81c-4af8-8b3c-65c4fcd235b6,17844629-c9a0-405c-824a-b4bcd9e79742
19bb79c9-b7bc-485a-ba58-fd8559f38bf3,61027.11,242.34,538de776-81c1-414f-bfc8-ceee2b352a94,e1816686-7df7-4ca4-b867-47c802408ff7
9c90fffb-d530-4d6a-aca7-97674caf5159,83569.55,327.74,544e65b5-a845-4905-9cb0-ddfde3a627e7,e5ed1249-9a29-4032-91fa-6b046c254f59
a5e5555d-78c4-47f9-97c4-1d163d9d787c,74514.47,395.91,d9f61e52-38d8-4400-9645-7595d75814b9,e5ed1249-9a29-4032-91fa-6b046c254f59
01a3be91-e7f1-4791-b46c-c3a9e049620f,45156.25,138.84,c490f031-c058-4e1c-8b84-970b061e5b46,e1816686-7df7-4ca4-b867-47c802408ff7
5e032e92-3ac1-469d-a168-25bb8cf30c46,63490.67,475.26,5c37300e-27c8-40de-be6a-daafd6fac589,bcb6c8df-8c62-4816-a00d-006931ae9315
a1585e67-e434-46b0-847d-0b8640a61c36,67050.01,143.24,f6d2df05-3afa-4789-ab6a-42e1ade07ec1,bcb6c8df-8c62-4816-a00d-006931ae9315
8e53f73d-e071-4157-97ba-5331c4f58e82,87857.08,179.97,ab6c7f36-a1fc-472c-b625-5ac3deb8b2a4,7b4134c4-dc4f-4b01-96da-ace8cb06c491
b1020948-2ac7-4ead-b172-25c3e3c0e531,36365.43,4.92,7996bf20-3928-4dbd-9982-1c6af86c93ce,7b4134c4-dc4f-4b01-96da-ace8cb06c491
2a27c4ef-6836-4296-a2d1-47d9c32ac35a,40235.48,49.33,ebdc0aa9-dfdd-4947-aa44-fd55e25b40b7,7b4134c4-dc4f-4b01-96da-ace8cb06c491
64ad42fc-a96b-45e9-8c96-29d4fd34c88a,62473.45,365.31,4804c8e7-f30e-42f1-8dcc-7a941bba8884,7b4134c4-dc4f-4b01-96da-ace8cb06c491
ba8103ef-75ca-4ead-aaef-3c4917238a7d,69393.1,163.2,83f3252f-af32-494c-aa46-0029a7f12b66,bcb6c8df-8c62-4816-a00d-006931ae9315
011bd34c-212e-471e-abc9-df4d4ebfe784,40972.32,989.96,a1130710-2742-418e-a62e-f0a9fc584c33,e5ed1249-9a29-4032-91fa-6b046c254f59
c98e151a-8be0-4b2a-9481-984c3a908000,79230.86,393.81,474d50d4-8fac-40ad-bf6f-83f93ea8bfa8,17844629-c9a0-405c-824a-b4bcd9e79742
3eb63e2b-d030-4ab6-929e-b69cb07689fd,47027.99,476.97,2273a191-2dda-4445-844a-4edcb5ba8aab,e5ed1249-9a29-4032-91fa-6b046c254f59
df66be78-4551-40f9-8807-b0070a031a4f,76028.85,814.37,16cf9846-173b-45e6-98ed-9ca5d61be70c,e5ed1249-9a29-4032-91fa-6b046c254f59
42da7bfd-c3a2-4485-8b63-7db87b2aa278,46941.23,290.2,def98086-a2a7-4224-8026-4603c24ba7f1,e5ed1249-9a29-4032-91fa-6b046c254f59
23f2b442-c134-4f14-af8e-2244001d87a8,56566.06,724.45,fe60b829-3a48-4cfb-898d-7d73a12a54a0,17844629-c9a0-405c-824a-b4bcd9e79742
80130f2f-8a92-4bea-ac18-9f96d6c11523,65452.47,808.84,6159a898-61bb-41d6-97fe-8f344e801393,e5ed1249-9a29-4032-91fa-6b046c254f59
83f7d6d0-fbc7-4590-b2db-73c4b0bd7bdc,75379.39,211.76,975857cf-05f7-410f-a12c-5449b9aee3f9,17844629-c9a0-405c-824a-b4bcd9e79742
98c837cb-d9f0-4c22-8293-60bac17baa4f,66507.25,708.84,acc7d081-1e52-4827-b9fe-15d6bd8dbebd,17844629-c9a0-405c-824a-b4bcd9e79742
90024038-878f-41f0-a8f5-3f9b2dfd0c87,57679.43,597.55,7b132be5-d590-435a-a717-3a6d3407132b,e1816686-7df7-4ca4-b867-47c802408ff7
9363ea57-056a-47dd-a32a-3d159078a142,81951.25,415.35,b54bfae6-da26-474a-a969-606d2bc11cc7,17844629-c9a0-405c-824a-b4bcd9e79742
f5893073-4868-4707-b2cc-63f36a92ddd1,58893.51,876.3,79cb6f96-3807-45e0-a68e-d94bc74dfb6a,e1816686-7df7-4ca4-b867-47c802408ff7
92aed95f-59fc-4e4b-b5c7-ecd48e671cd4,82626.49,885.32,c23a56ee-1ebc-45a9-b1e9-ca3f29b8098a,7b4134c4-dc4f-4b01-96da-ace8cb06c491
046f290e-b2f5-486f-8d24-2f9c1cbc336d,63388.32,32.61,f82c5ddf-c9c3-4e99-b855-6336d807a898,e5ed1249-9a29-4032-91fa-6b046c254f59
d6dfd62f-179d-424d-91b8-23903e1d03a0,36750.11,807.49,56b95d0e-511e-4670-9db8-96379648e412,e5ed1249-9a29-4032-91fa-6b046c254f59
28914e8a-8b0e-4b12-a1c6-73503fa88607,77873.04,391.28,e36eaf8d-063e-481c-913c-5b84b959b2f1,e5ed1249-9a29-4032-91fa-6b046c254f59
d203dff9-6932-4280-8cbd-c23a161d6cec,81411.99,694.55,df2787a2-58f9-427e-92ac-8f6eae7a5906,7b4134c4-dc4f-4b01-96da-ace8cb06c491
cf0763f9-61d7-46cb-86fe-bf20e75dad96,31030.23,985.52,962a2ea8-3b49-4fd5-aed4-bdcec0109e39,e5ed1249-9a29-4032-91fa-6b046c254f59
ab916466-65be-446f-b6c0-3769e964f90c,52994.79,630.81,9dde3b49-2c9b-471b-a008-1949bcb465cd,e1816686-7df7-4ca4-b867-47c802408ff7
b6351013-2b8f-4c39-b050-232a4091321e,82663.4,123.35,99118a34-80ab-4764-96b9-34971455177e,17844629-c9a0-405c-824a-b4bcd9e79742
87fe0582-6651-48c9-89ce-bf874524598e,34979.83,438.55,7fc9577f-426c-4739-97e0-06bf9fc21ce7,17844629-c9a0-405c-824a-b4bcd9e79742
2d33520d-19b2-4a20-b5e1-82e18ae5a6ee,64077.29,431.62,e6af0e8e-9b43-42eb-86bd-cb08dd03842f,7b4134c4-dc4f-4b01-96da-ace8cb06c491
4ce8a2a5-6181-4a34-a572-b7b9b87443ae,32428.12,147.72,900be59b-e703-498c-923d-da8333e00762,e5ed1249-9a29-4032-91fa-6b046c254f59
69261bc9-e106-4d40-b0a1-bc628432365d,35548.83,283.13,73bb486a-76db-4a67-bb07-52ed09abeb28,bcb6c8df-8c62-4816-a00d-006931ae9315
b39986dc-4ed2-4873-8a7e-4d1dde9f1951,79602.34,314.23,e1b59b16-167f-4b5e-9a4a-ad20a7b5874f,bcb6c8df-8c62-4816-a00d-006931ae9315
3f0d3968-c3ae-4d65-a500-b7d81163cd76,38346.33,156.24,5716bdce-2217-4f01-97d7-48b37afb58d9,7b4134c4-dc4f-4b01-96da-ace8cb06c491
2454bbd9-921a-42da-8e76-b7b68e6d0726,32876.81,695.84,c7700eae-d5dc-4229-bc47-5ee68af92f25,e5ed1249-9a29-4032-91fa-6b046c254f59
e8817eb8-ca5c-46b0-854e-ef6f0041ca90,36978.55,778.43,03a287b8-6b53-4411-b0d0-fee6d1e2995a,7b4134c4-dc4f-4b01-96da-ace8cb06c491
ca361dd2-a3fc-47eb-9040-dcc41ff98578,49423.71,831.9,d8c95f3f-a4ea-4481-be8d-6648f028df2c,bcb6c8df-8c62-4816-a00d-006931ae9315
088328ec-6d73-4425-baa0-1b72bc6fe727,41064.76,52.36,0023d06d-a564-448a-941d-8f777bd58b15,17844629-c9a0-405c-824a-b4bcd9e79742
b3e684e1-21d3-46b6-b9d5-5002ccc462b6,75925.83,445.95,1f510982-1283-43ad-90aa-15511aef5daf,e5ed1249-9a29-4032-91fa-6b046c254f59
4660de34-2ff8-4449-8a98-314f6317d00c,66886.45,665.74,1a4e0915-1d7f-4c4e-b8b6-4b070b9ec82a,e1816686-7df7-4ca4-b867-47c802408ff7
c80eb2a4-3ccb-4eb4-90ee-82d5c3be7988,60001.11,607.4,0956e097-b4e3-44d8-bc8c-93d725f5a866,17844629-c9a0-405c-824a-b4bcd9e79742
8b07cf96-ad88-4d9a-a673-4c50bd126646,70216.33,528.0,12d0ef8c-7f8e-400d-93ed-5a64013aa3eb,e5ed1249-9a29-4032-91fa-6b046c254f59
b4edf6ae-3f72-4ebe-ad2b-db20748c9a02,86689.56,125.84,2de913fc-fd4b-410c-800a-4ae67e42942e,7b4134c4-dc4f-4b01-96da-ace8cb06c491
de941f64-d698-4b84-84a5-6a1b10d63a18,79954.3,405.5,b4bb003b-0927-4af5-b363-3c096142602d,bcb6c8df-8c62-4816-a00d-006931ae9315
4a788886-f4ae-4787-a52c-25a6474c81b9,60141.7,187.83,da57c681-611c-46ac-b918-6b399b19b668,17844629-c9a0-405c-824a-b4bcd9e79742
778b7979-e95d-4796-a250-fbf0616bb13a,87166.43,686.08,aa542551-6cd8-4771-8a5a-0a4f2a8d23ad,bcb6c8df-8c62-4816-a00d-006931ae9315
2d4e7017-b22d-4af2-b7d6-caf3aed5af3a,58114.63,137.03,f7d37ec2-89af-4052-b432-d427b9a80fdc,7b4134c4-dc4f-4b01-96da-ace8cb06c491
805bf4eb-014a-40ff-b846-23030047e0e4,46352.5,380.78,df1c957e-0499-469f-a15c-b267f2268db1,17844629-c9a0-405c-824a-b4bcd9e79742
3a78fb2a-aa62-4c38-8e76-7c17c4410577,68239.27,172.16,2321edf5-c998-4d7d-8a7d-19d8e5124c2c,7b4134c4-dc4f-4b01-96da-ace8cb06c491
a57291e4-40e4-4ac2-812b-789b84dc1f7d,67819.44,359.71,52c67d53-4fbd-4eae-bb3a-b29888a62066,e1816686-7df7-4ca4-b867-47c802408ff7
c6577f32-6d95-4e12-8c7a-cc6448d94a1d,31510.92,72.89,cef853df-75e6-4f47-984e-bc5a22e5bbcf,17844629-c9a0-405c-824a-b4bcd9e79742
66a84158-bb94-4fc3-939c-734fca9f8385,48895.68,970.71,f728c90a-9658-4436-be30-7ae9c309ab7b,e5ed1249-9a29-4032-91fa-6b046c254f59
72eb8adf-e2d6-40f8-967d-5a2f518dcec4,66150.16,700.73,4953d237-bad6-4e97-a750-b49a0747f7ba,bcb6c8df-8c62-4816-a00d-006931ae9315
81140d07-4ef6-4a59-a5e2-3bf709ff4a2c,31302.74,258.81,c1ec1f97-3d1b-48d4-bb02-49a8e3d2582a,bcb6c8df-8c62-4816-a00d-006931ae9315
13ebffa7-bd56-48ac-bdaa-323a8005297a,36077.61,440.4,b474dc19-39da-43f3-901d-6bc85e4a621c,17844629-c9a0-405c-824a-b4bcd9e79742
06c8d32b-fa23-4fff-bbad-e5df5284372d,75958.11,162.96,94d8846f-dc42-4003-9e0c-7da1b45bd512,bcb6c8df-8c62-4816-a00d-006931ae9315
770e481f-cc61-4ff6-a96f-00fffd11350f,68360.46,561.55,d1e8aada-f735-475e-9865-a3a7afcf57fe,17844629-c9a0-405c-824a-b4bcd9e79742
3b47b4ce-22e9-45c2-b9fa-b2c004d341ed,32241.41,566.03,422ac847-9688-4e22-a499-5302a22af837,7b4134c4-dc4f-4b01-96da-ace8cb06c491
c075056e-eb77-40f4-8fb3-9ec2c97adda3,88400.83,861.64,a235ae10-e2b5-48f9-86f9-8ad29c04d5c2,17844629-c9a0-405c-824a-b4bcd9e79742
7bc9dd6d-bc87-4c88-a3e7-17ae4f1cb4b4,81152.23,142.35,65df0dba-0b86-408c-b0ad-4a696dd2959b,17844629-c9a0-405c-824a-b4bcd9e79742
8d9f8884-02fa-4fb5-be2b-f7e89a96e8f7,45366.87,138.82,7c2d267e-39e3-421c-8d42-415e02222e08,e5ed1249-9a29-4032-91fa-6b046c254f59
cb60f528-4d51-4802-b056-e9ce52c73c99,83612.02,193.5,c8dffbf8-d929-47d2-a398-d128f2846262,e1816686-7df7-4ca4-b867-47c802408ff7
035c3029-4ce8-4898-9298-bef543987f74,57615.69,95.47,c57df696-9962-41fd-9c24-e3f9ecafcbb2,7b4134c4-dc4f-4b01-96da-ace8cb06c491
6c4a7bb9-acf9-4616-baf2-691f8a529524,81061.53,101.5,72b88d0f-6d86-4d39-b628-061acc2638c8,e5ed1249-9a29-4032-91fa-6b046c254f59
fbfa7f9e-964e-49bb-af57-a4e2a250c048,79823.11,625.97,b4079df5-aec7-43f6-bab1-51a247d339a8,7b4134c4-dc4f-4b01-96da-ace8cb06c491
ce0bb1b8-bcca-480d-9bc9-9cbde1b665a6,34392.23,232.87,28667c91-a05e-4d89-9fa1-e3f5475754b5,e1816686-7df7-4ca4-b867-47c802408ff7
8369e254-637b-4788-abb1-4d69a76f326b,42818.01,738.83,d54acabb-501a-43d5-9a37-e52355bfbfd4,e1816686-7df7-4ca4-b867-47c802408ff7
f911dd06-20af-4438-a90f-00712f81dc21,47505.78,952.15,ec1613c9-49fc-49ce-af4d-f0b2a184dc9a,bcb6c8df-8c62-4816-a00d-006931ae9315
7f3addc5-ec7b-42e7-a66e-cf39b3bfc1ee,54640.9,999.38,80648e13-dfdf-493f-96a0-cb8fa5840166,e1816686-7df7-4ca4-b867-47c802408ff7
755605df-c1b2-43ca-8a1d-98a459829611,73588.83,940.51,1c5d47ea-25b4-48c6-bb69-fcaa975e9de1,bcb6c8df-8c62-4816-a00d-006931ae9315
cc63262d-5389-4e9c-90c9-a3819117a002,53395.5,119.88,76fc6c8b-4dff-477a-a214-cda86d98fdfc,17844629-c9a0-405c-824a-b4bcd9e79742
c102cd14-7d3d-42b0-89f0-16bf6490c882,84626.59,698.13,1a842e8d-a52b-43fc-9327-2818af8c42dd,7b4134c4-dc4f-4b01-96da-ace8cb06c491
8a707bab-26c4-45f0-8541-5614fa92d802,41161.35,238.77,b7fb6a00-0d70-4806-94c0-36a7817e327f,e5ed1249-9a29-4032-91fa-6b046c254f59
93f55e72-e61e-4585-a8e7-42d53d708b78,79372.22,235.91,6b480b55-cf57-4dd8-aa7a-76e30357b480,e5ed1249-9a29-4032-91fa-6b046c254f59
432a9ab3-e8b8-4260-8dd0-0801fda23b39,60309.63,130.22,504944f3-324e-4271-8c4e-daf2fc7216b6,e5ed1249-9a29-4032-91fa-6b046c254f59
466a6a2e-fd25-4c5f-ba81-c8d953c33793,79920.35,184.35,e075b0b5-e02c-4d98-8d9c-2e9bdc75f03e,e5ed1249-9a29-4032-91fa-6b046c254f59
9cb027d8-8136-413b-bf61-9234be3babfc,38729.32,395.11,dbab10d2-f5dd-4bc2-890a-32b5553041f1,e5ed1249-9a29-4032-91fa-6b046c254f59
7c0a412a-86d2-449f-a5ea-cbac086681b2,71517.3,22.39,9b575fe4-f6a1-4dc3-b7cf-e9f7215d8464,e5ed1249-9a29-4032-91fa-6b046c254f59
4bc94e0f-4e08-4843-b617-ae1e6518a53b,66882.95,922.13,ae5e43db-d51b-4558-8b07-91c61cf755cf,7b4134c4-dc4f-4b01-96da-ace8cb06c491
59fe1f0c-c314-4396-8b4e-5564e8a9a8c5,33471.25,311.17,587989d7-58fb-41dc-945f-8f6d964e0ead,7b4134c4-dc4f-4b01-96da-ace8cb06c491
9a8f8127-1ba8-4d87-bd41-48f4f10caf62,89045.36,637.85,9c1d2941-7356-4956-b227-8f0fd6f168dd,e5ed1249-9a29-4032-91fa-6b046c254f59
0ec846f6-f679-4ad6-8ea7-d662b5e6d51e,54798.9,469.48,d6ec4268-c95a-4dd4-8dbb-6db26829b678,17844629-c9a0-405c-824a-b4bcd9e79742
fd3f63ab-51b6-48a2-801b-d1dd138978d8,77501.91,866.37,e79490c9-d194-45e6-9573-07ca20f7fa07,bcb6c8df-8c62-4816-a00d-006931ae9315
8ae23943-5149-47fc-adf4-362a1a24bcdc,56071.06,74.49,1ab580ee-4d92-4b19-a484-d400b636faa5,e5ed1249-9a29-4032-91fa-6b046c254f59
d0c04f65-9c73-4270-9eac-9b1486b7e91c,56991.91,198.77,9cac251d-8f51-4b7d-9965-1d57d56468bb,17844629-c9a0-405c-824a-b4bcd9e79742
f1baa151-773f-43fd-a7cf-6bb2f841e5d1,47673.85,380.61,d86fa6b8-7211-4997-8b58-4445116d09ee,bcb6c8df-8c62-4816-a00d-006931ae9315
9ebf23ea-87a5-42b8-b2bf-36ac38553739,78363.41,704.82,9be7f2d4-d51c-42ea-9442-17df7cde1c98,e1816686-7df7-4ca4-b867-47c802408ff7
93e1e57a-4bc0-4978-833e-8258bb695034,67750.23,354.77,3beed0f3-b9fc-4356-ad6a-353b002d3411,bcb6c8df-8c62-4816-a00d-006931ae9315
dfb33960-3180-4706-9754-d0ce33a36601,61963.4,545.59,4d197368-3fe6-408f-a6dc-7cc5bd598f62,e5ed1249-9a29-4032-91fa-6b046c254f59
b2841c83-d2bb-438f-8468-41586fd24431,47120.65,723.9,a10c1ff4-5d88-4361-a054-5a043c6c3706,bcb6c8df-8c62-4816-a00d-006931ae9315
a9757120-8adf-468b-a17d-2834f68989c5,35885.81,405.46,94e0e3da-b4b6-4a5e-8f7b-a642e29d0f68,bcb6c8df-8c62-4816-a00d-006931ae9315
aa0618ad-d34e-48c9-a732-14f8d351e745,86092.59,951.03,e373a3c9-57c2-49f8-8b9a-dd1ae757ae7c,7b4134c4-dc4f-4b01-96da-ace8cb06c491
092718d7-7726-479d-af35-5fcb66f6e4b3,79320.48,227.53,b943fae8-9881-4675-8fc5-4ba29b64ad87,17844629-c9a0-405c-824a-b4bcd9e79742
963d4b9b-ecd3-49f7-b774-a0b9dd6b2c3e,30199.53,499.79,4e8a613c-c645-4904-8df3-f6252c07fc13,bcb6c8df-8c62-4816-a00d-006931ae9315
eaac0022-b8a0-4a73-84da-3a197ef9b7d1,75417.71,549.12,d533a036-35f1-489c-ba67-101f0db78ce2,e5ed1249-9a29-4032-91fa-6b046c254f59
48641900-83b7-449c-884b-e1fff7425c89,57775.5,607.81,139bd808-c947-4d92-b89c-669c5dd9eb5f,e1816686-7df7-4ca4-b867-47c802408ff7
a11779f9-e806-43f7-97d5-b43136dd4299,56628.31,696.52,b2de8139-8377-404f-85bc-ff563ae6775c,17844629-c9a0-405c-824a-b4bcd9e79742
6d8eca08-1309-4265-a99c-0a94603cc726,66968.37,232.73,0ec7539a-95b8-40fa-bd60-da86af38790d,17844629-c9a0-405c-824a-b4bcd9e79742
06f73666-2922-485b-bba0-ed376a318ea0,80568.33,251.82,90dd1886-682c-44af-80d5-cf86c894602e,7b4134c4-dc4f-4b01-96da-ace8cb06c491
61760509-9b54-44ad-9e48-13337c28ceec,42369.92,260.42,b6cfae7c-250c-4489-9781-9346f64a6645,e5ed1249-9a29-4032-91fa-6b046c254f59
c768e066-d604-467a-8864-0e87855e6f5a,88648.75,767.09,5d972fcf-fd03-4792-a8b5-5167a2f6619f,e1816686-7df7-4ca4-b867-47c802408ff7
c157e481-17aa-43d1-a70a-939f38669881,48660.88,89.03,1863cc2e-1dbd-4f1d-8e96-e0abcf2a3e96,bcb6c8df-8c62-4816-a00d-006931ae9315
127ef7ed-c75c-4b33-9eaa-2cb886592712,55087.43,91.38,45f04a00-db0c-4a2d-ba48-77ecf01e007b,17844629-c9a0-405c-824a-b4bcd9e79742
7e83ecd5-278f-4f8c-91b6-a14c2815416d,62486.43,565.58,b2d6b723-e763-44f2-b6a9-036e1625b539,bcb6c8df-8c62-4816-a00d-006931ae9315
24b24cb2-d9d5-41aa-bba7-9ae0bde84d46,61839.24,148.62,e2e47a13-ebcd-46c8-ba05-af12c7ac2201,17844629-c9a0-405c-824a-b4bcd9e79742
ee771715-3b5d-4857-8076-64c1a7b0679e,56974.44,661.76,2c2364ff-fecf-430b-97ec-162b95481a83,bcb6c8df-8c62-4816-a00d-006931ae9315
ac0e9b7a-1c9e-494c-98db-a941af16bfe1,76478.48,670.64,cb3aec4d-43e2-4597-ba7a-7c2db36b9446,7b4134c4-dc4f-4b01-96da-ace8cb06c491
78db4931-1212-4ff5-a272-2f180a52c71f,36861.78,901.2,460a309b-2fff-400e-9e29-6c3e2d32ac05,e5ed1249-9a29-4032-91fa-6b046c254f59
a2aba789-5a71-4b40-95dc-6aa801a4432b,89292.74,418.64,77c1c402-8f79-445a-89d7-cd98d01d1eef,e1816686-7df7-4ca4-b867-47c802408ff7
e218cab7-1f48-4c0b-b15f-573d805f621a,46538.87,210.51,1fb755b9-085c-432f-9304-856b755ca9d7,7b4134c4-dc4f-4b01-96da-ace8cb06c491
ddf1103d-17d9-4e5c-8f1e-5fde4a1891b1,64639.68,169.31,84cc001c-7503-4ec5-bc3e-a78e27811c7c,bcb6c8df-8c62-4816-a00d-006931ae9315
14138e1b-ef78-4d84-991f-999e1a726663,56854.65,894.07,7e80f9d2-8950-469f-81a8-30d16fb4d9a9,e1816686-7df7-4ca4-b867-47c802408ff7
48468970-8ec1-4cc5-9672-00bdb30b5a43,32501.51,115.04,5ed9f874-04f0-49de-8db5-554987e4025f,e1816686-7df7-4ca4-b867-47c802408ff7
8f34df89-8135-4f30-92e9-64bbbef16b1e,78897.83,396.25,84a05705-4c36-4232-a553-c919a015d007,e1816686-7df7-4ca4-b867-47c802408ff7
73557c3f-3308-45cb-a322-c1bca4358fec,40881.61,10.27,a8cda87b-6df4-4486-aed1-7d20683d8367,7b4134c4-dc4f-4b01-96da-ace8cb06c491
316fa39f-6435-48a1-a56d-f3d812392730,40300.49,245.49,0023d06d-a564-448a-941d-8f777bd58b15,17844629-c9a0-405c-824a-b4bcd9e79742
b479d55d-6d3c-4456-90c1-67a23ef5db9a,40015.34,952.22,4f42e18e-81ca-4a51-9776-53347d29f04b,17844629-c9a0-405c-824a-b4bcd9e79742
57aaa369-18fa-49f9-9ed6-47c3f30eab9d,75122.7,441.39,d4a12b14-d572-4e77-b20d-64d07298cb57,7b4134c4-dc4f-4b01-96da-ace8cb06c491
ebce2aeb-e61e-4728-9357-78338b025483,42636.45,73.93,8687e7eb-cdd4-42fe-99e5-cd12c803dd18,bcb6c8df-8c62-4816-a00d-006931ae9315
a22c8392-f6ae-4c61-b310-6aa6dc0c3afe,47141.04,499.42,fa4ed7bb-7097-44d7-9efd-31fc67e9a3b2,e5ed1249-9a29-4032-91fa-6b046c254f59
63235a89-f800-417c-8015-df66119266f1,85465.9,701.87,5640e9b4-ebf6-434b-8409-1ef6eb981748,e1816686-7df7-4ca4-b867-47c802408ff7
262db78e-421e-4731-90c6-a62834bf0d1f,60561.11,10.04,34b4f97e-60bf-46e6-b9e2-5e44ea348261,bcb6c8df-8c62-4816-a00d-006931ae9315
4b6b5b45-732f-407d-861e-bdd8e922fe37,55645.55,853.69,1df3c76a-1899-40d2-864f-f0d17b44f430,7b4134c4-dc4f-4b01-96da-ace8cb06c491
9e23fda3-8bba-4a53-b3cf-72b311cf190c,83899.58,146.73,6bbf90ca-0cea-4304-b0e7-b0894dc71b3c,e1816686-7df7-4ca4-b867-47c802408ff7
bea74b48-4959-466e-a71f-fc9c2f47512b,42463.76,812.24,531e6efd-5b87-402e-a76a-e1468693abc1,e5ed1249-9a29-4032-91fa-6b046c254f59
469fa9d9-4878-4d18-910d-c42b707b05ab,81741.95,237.15,85dedfa7-a556-449d-b496-887d61900520,7b4134c4-dc4f-4b01-96da-ace8cb06c491
ce596de7-7898-4764-9f12-11b2f879f687,67106.46,757.56,aec19ea1-1cdf-4c5a-8cc5-a01888f766d2,e5ed1249-9a29-4032-91fa-6b046c254f59
ed501a90-d29d-4f0b-9ad7-36dfbc8c88bd,71007.37,35.09,cd99d4e2-c7ed-46f4-9aee-bbb798feaa4e,17844629-c9a0-405c-824a-b4bcd9e79742
6393d611-bdad-464d-b5cc-dd6659f0bdf1,76879.01,105.9,9cfe9e8a-a8bc-4b2e-8663-0ec554a742f7,17844629-c9a0-405c-824a-b4bcd9e79742
5bcdb4c0-ba6b-417b-a56f-7f9ed7afb7b3,87653.91,546.38,aa28df87-6618-429c-91d5-7f4a13fe277e,7b4134c4-dc4f-4b01-96da-ace8cb06c491
dcedccab-1688-48a9-b3ed-207e4b6ec074,52125.83,404.11,8a291729-ba85-471a-a826-880c172f3296,17844629-c9a0-405c-824a-b4bcd9e79742
2f70c1c9-81d3-4bdb-bc55-4d3ab2ecc02e,88374.2,901.37,4f93e258-ac2d-4727-9e72-6fa0fafc2491,bcb6c8df-8c62-4816-a00d-006931ae9315
d8b86fbc-5cb2-4bd6-ac70-fd3d23b1bee3,88907.7,335.8,3f49459b-ae25-4e87-8f5f-fed44e06583d,bcb6c8df-8c62-4816-a00d-006931ae9315
ecf4784b-7f43-4ffd-9b7e-b2065b9afd91,34208.86,342.9,023f6d0d-6a00-46c7-8337-2087c3045c64,17844629-c9a0-405c-824a-b4bcd9e79742
7a9b60ed-0291-42ff-bd4a-99dff19d04fb,82823.83,419.61,de6ef409-4a05-4c20-af8e-004091e4f7df,bcb6c8df-8c62-4816-a00d-006931ae9315
69329261-bbcb-44f2-a501-9aa8ccd36705,56025.5,488.07,2273a191-2dda-4445-844a-4edcb5ba8aab,e5ed1249-9a29-4032-91fa-6b046c254f59
c4397cab-951e-4910-9c73-b80732079c6e,41385.39,777.46,f6827d4f-bbea-4297-a4dd-26980a77cce6,e1816686-7df7-4ca4-b867-47c802408ff7
17c0c093-45de-4d47-bc72-db149a0f9b8e,56857.92,476.53,7a2978c4-7713-4763-b828-6e03fd6a6665,bcb6c8df-8c62-4816-a00d-006931ae9315
64c80438-4866-4f78-8780-58f770e44e9d,85968.2,168.35,32704235-5223-4bdb-ace0-c33a900b33d5,17844629-c9a0-405c-824a-b4bcd9e79742
36ec0d92-258a-4d00-9b59-9892c37a23ba,69828.42,829.23,0e5bd438-2137-4630-b007-b6b822dc3e61,e5ed1249-9a29-4032-91fa-6b046c254f59
5c5f91dc-d808-474d-8a5a-6e067fed9216,40098.72,447.26,8f7389b5-bf13-424a-a2a7-7f5babe64f66,17844629-c9a0-405c-824a-b4bcd9e79742
109a5e86-73e7-4dbb-8935-55aa1b8fa90e,55004.36,10.03,67ccd9f8-75a8-4848-9fec-1a4f9f6e5773,17844629-c9a0-405c-824a-b4bcd9e79742
68599559-6eed-4369-89dc-96f92297620b,50945.23,995.07,5d3e13b7-7cf4-4848-8fae-8176d4437ffd,7b4134c4-dc4f-4b01-96da-ace8cb06c491
064c4e02-a7be-4563-a6b6-ea3e108a2cfa,86032.78,146.05,5a58e4f1-96a7-4066-9cff-1ef39a92db87,17844629-c9a0-405c-824a-b4bcd9e79742
ae7fd10a-0170-47a8-b0f5-35f1ba5faa82,49117.67,881.77,461fcf7b-3b03-46e9-84c3-a19e339ff631,e1816686-7df7-4ca4-b867-47c802408ff7
9a7eee22-6102-4b7e-bd4e-3c7fa3861185,87638.88,635.32,3877b524-bfdb-4635-9cf9-9c41613f751c,17844629-c9a0-405c-824a-b4bcd9e79742
e46bb75e-ce98-4b84-8697-5439b52b0fa7,89478.06,499.67,a71b6fca-15d1-42a1-9b18-179dbb5901ae,7b4134c4-dc4f-4b01-96da-ace8cb06c491
71d34b25-afe3-4095-8aed-e7b166793158,49604.36,782.39,30a8e9c9-6357-43ec-8dcc-259d6decdf27,bcb6c8df-8c62-4816-a00d-006931ae9315
228d233e-ca93-4931-a177-02e6f9634ef3,39689.55,115.65,4c179e73-1d5d-44b8-af8b-dec346d1f033,17844629-c9a0-405c-824a-b4bcd9e79742
c946a051-b48c-4d53-99c1-7851e791fe1e,83214.07,616.62,b87aef0c-c0c9-4719-b400-50dafe492066,7b4134c4-dc4f-4b01-96da-ace8cb06c491
937b01d5-1ed3-4f02-957b-a4811548dc8a,74627.41,271.2,b4bb003b-0927-4af5-b363-3c096142602d,17844629-c9a0-405c-824a-b4bcd9e79742
d9229983-4f0f-49f8-90f9-673c14e9d672,65970.67,415.94,63446dd5-eb31-4d1d-af7d-d0656cb854f2,e1816686-7df7-4ca4-b867-47c802408ff7
2491faab-1da5-41a2-bac7-c00771c5c659,81803.34,531.85,c7e3aad4-8349-47a4-a813-2d0ee865a421,7b4134c4-dc4f-4b01-96da-ace8cb06c491
d1f251d9-d100-4276-a151-1fc8a6fc72f4,64123.19,415.69,c5317427-87c6-426e-80e5-687bdd57b922,bcb6c8df-8c62-4816-a00d-006931ae9315
0175de29-82c2-4198-8262-ad6d5d74f5cd,75175.58,976.16,1cc32307-cedb-47b5-9b0d-d8c09b4fbf4c,7b4134c4-dc4f-4b01-96da-ace8cb06c491
790de952-0b42-48b6-805b-93ee13711b7b,73041.6,257.55,fe2b3e37-974a-42d3-866f-7677ef534086,17844629-c9a0-405c-824a-b4bcd9e79742
71923603-ef50-474d-888e-54cadb743bcd,50413.49,874.83,3beed0f3-b9fc-4356-ad6a-353b002d3411,bcb6c8df-8c62-4816-a00d-006931ae9315
64b8e988-a913-45fc-927f-89ac2a678eff,87780.09,493.1,9dde3b49-2c9b-471b-a008-1949bcb465cd,17844629-c9a0-405c-824a-b4bcd9e79742
4e599496-62f2-4b22-8443-96874b9e87a3,74538.01,904.91,a4b3e0d6-3207-4ae3-abfb-ffffc84444d2,17844629-c9a0-405c-824a-b4bcd9e79742
d537372c-70d5-4548-adbb-eeea2ffcfc87,88121.22,547.75,6c3cf55c-93eb-41c3-94ff-67232ba52ea4,17844629-c9a0-405c-824a-b4bcd9e79742
913a66c9-ecd3-4824-97a4-4c169377f527,78854.37,394.46,732652d7-c7a9-4be7-8026-8d487e85df3b,e1816686-7df7-4ca4-b867-47c802408ff7
40aa96e0-9028-4a30-be83-f66462aaf1b9,66343.5,967.51,aa726232-d142-4ebb-8911-4c7c9ccfb698,bcb6c8df-8c62-4816-a00d-006931ae9315
0eb20122-b850-4eb3-876e-d890da463a3d,88956.64,642.56,60082e97-4a34-4991-9461-75a9cba508a4,17844629-c9a0-405c-824a-b4bcd9e79742
fd7044b5-187c-4044-b844-fe7470b6239a,77286.92,290.83,9b6a64a1-85a2-47f6-9a45-98f75336c7c7,bcb6c8df-8c62-4816-a00d-006931ae9315
385b73ed-8ff5-4e42-a12a-2ecd01ba6712,55492.95,486.48,76a7b307-4eea-47f0-bfc1-e0dcb6b46272,e5ed1249-9a29-4032-91fa-6b046c254f59
0b6a36d0-4bdd-4cb2-92b5-5188d534c906,31995.89,840.71,db1de702-ada9-4b3d-813b-fa647b356963,e1816686-7df7-4ca4-b867-47c802408ff7
f07ff811-db60-488a-9f20-4dc42814e188,62041.29,44.69,aa28df87-6618-429c-91d5-7f4a13fe277e,e5ed1249-9a29-4032-91fa-6b046c254f59
2c66dd8a-eec5-4b52-b726-6c6a114eaca1,82910.94,352.87,33efc948-87fb-4e2e-8922-ef352e0dcd77,e5ed1249-9a29-4032-91fa-6b046c254f59
015c10ef-058f-4dcb-a5fe-94adf2d44400,69037.53,242.65,813ea201-2d30-486f-b390-c098ef680bec,7b4134c4-dc4f-4b01-96da-ace8cb06c491
5e8c3c74-fc39-4983-89d5-8e66d51981d6,52284.73,262.95,83b6c322-c413-4047-9039-f3919d0e4b7b,e1816686-7df7-4ca4-b867-47c802408ff7
2d148b8b-47cb-4d98-9c6b-0fc2ffe95794,88590.76,44.11,94f0c6e5-c277-4479-88ee-9aa8e7f1453c,e1816686-7df7-4ca4-b867-47c802408ff7
2c80bd89-c97f-47fc-90f0-5da6d50ac96d,40172.62,6.41,12c73169-e77f-46ac-814b-1dd0ecc6387f,e5ed1249-9a29-4032-91fa-6b046c254f59
eea18c5d-85b8-4c93-8c42-dd0376038f21,34176.16,35.0,dafde380-0033-4562-8512-2d8d340cdf51,e5ed1249-9a29-4032-91fa-6b046c254f59
049159b8-efe8-43a6-8262-fcf8ced2ac4f,48743.66,131.42,7b4052b6-9c3d-4ba7-afca-b82e2fa29769,17844629-c9a0-405c-824a-b4bcd9e79742
73740f28-0858-4366-9800-cce3639312de,81736.79,996.71,96f7a885-aa02-4c89-a19d-be02e907fc33,7b4134c4-dc4f-4b01-96da-ace8cb06c491
c75816b4-92ba-48cf-8700-62694fda6c7e,36142.51,545.73,eb2894c8-cbe7-4273-8b87-6e495aef9923,bcb6c8df-8c62-4816-a00d-006931ae9315
b782a624-a54f-4e42-937b-9a0c47354f1c,79844.86,945.68,c533b58c-5d35-488d-a4d3-7a46143403fd,17844629-c9a0-405c-824a-b4bcd9e79742
178837a4-a026-475c-a0a2-641fa8eb2171,84708.33,379.66,398a9e21-5b39-4f48-ab3e-25ae90b0bb8c,e5ed1249-9a29-4032-91fa-6b046c254f59
f49eaa3c-75f6-4197-b49f-f93d9fb75380,69748.89,929.0,6b39f1e9-52de-4674-be86-c4a20dd72b8a,7b4134c4-dc4f-4b01-96da-ace8cb06c491
30c6774a-0ab5-492e-a7de-4f12a280a50d,46173.01,29.63,803ce6e7-79e0-4a8d-bafc-c501646cd405,e5ed1249-9a29-4032-91fa-6b046c254f59
524a1de2-d399-4029-a384-7099f6087888,81471.41,396.88,1eee04f5-ac3d-49d0-8ba3-a5cf63378ed8,e5ed1249-9a29-4032-91fa-6b046c254f59
fbff954c-2421-42fc-b30c-f80ec04300b9,44001.18,495.49,8d8254c7-8a7d-45db-b033-d9cd17f7c6ca,bcb6c8df-8c62-4816-a00d-006931ae9315
4e7794cc-6936-428b-b6fb-76a6184a9780,76028.84,29.75,402a10be-a927-4376-8e44-01e2bb048aa2,e5ed1249-9a29-4032-91fa-6b046c254f59
4e536900-7a56-43bf-acec-dae97d63cd30,43870.33,770.71,f6e8b32d-8a1d-4422-9881-bb992d3cb083,7b4134c4-dc4f-4b01-96da-ace8cb06c491
b98dd3a3-5f8a-4c9f-a4d4-90b8251c28f1,71545.02,461.04,ab9866bc-0274-4bb1-9229-612efc74c645,e5ed1249-9a29-4032-91fa-6b046c254f59
0018353c-88cb-4235-8c12-1e372e5061af,37026.48,185.06,66ce858f-757e-4892-a50d-48dea34c42c8,e1816686-7df7-4ca4-b867-47c802408ff7
1630e068-d422-4e13-b481-ca6e60e9cd32,83940.69,183.89,40b40bbf-6ed7-49ea-b265-43eedb7999cd,17844629-c9a0-405c-824a-b4bcd9e79742
412948cc-51ab-4086-a31b-a13a55603536,80155.11,798.54,deae77d5-6736-4875-80d4-a19495fc9f7c,7b4134c4-dc4f-4b01-96da-ace8cb06c491
56e4c350-fb71-4c60-9a54-8245da0929f8,70332.67,617.01,12c7845c-e793-4d1a-93e2-05feccc5ce44,e1816686-7df7-4ca4-b867-47c802408ff7
827b7d17-769f-41e3-a524-c576bfcad48e,61574.53,750.59,4b154cd9-0a3f-46e8-a289-567923209af7,7b4134c4-dc4f-4b01-96da-ace8cb06c491
d613abf8-6631-4054-afb0-48c3aa3032cf,42863.05,130.26,6dadf804-2c3e-4768-b0c5-cd22ceba4c00,7b4134c4-dc4f-4b01-96da-ace8cb06c491
c28ce2bd-9958-4c22-86eb-3e2e36a0cea7,89002.58,973.1,4605bf51-1c33-4332-9594-ed480c7bada0,e1816686-7df7-4ca4-b867-47c802408ff7
f6466b5e-038c-4149-84ff-110d33ad8c9e,71025.6,607.44,846c8dad-2db1-4fd7-bf52-937d35161291,e5ed1249-9a29-4032-91fa-6b046c254f59
9a924ddb-777c-4be7-a03d-7a4613bf2de9,71467.41,218.67,d3de7e3d-1feb-48cd-8889-ca6894d92257,e1816686-7df7-4ca4-b867-47c802408ff7
0950adbc-1ebc-471d-a276-d6a673f3de5e,72419.38,909.69,db7f2034-df90-453b-87a0-dadfc715d056,7b4134c4-dc4f-4b01-96da-ace8cb06c491
bcc00399-df03-4e32-8ef3-54efc6a0e40b,87093.93,560.25,78fe400a-a71c-4d6e-9a97-1c561feaad51,7b4134c4-dc4f-4b01-96da-ace8cb06c491
3db68c54-aa8e-4755-afed-34d8c6196aaa,81532.16,259.69,83b6fb60-d54a-42bd-9d2b-dd4a321712a1,bcb6c8df-8c62-4816-a00d-006931ae9315
4739e448-0dbb-4083-b953-8c4b88d1d177,54020.8,461.57,6ec3a764-cb4c-466f-b870-bec3ba295fdb,e1816686-7df7-4ca4-b867-47c802408ff7
f06d39c6-fcda-41f6-910c-b64e47e9ed5a,72738.45,375.01,703b757b-008b-4016-acfe-dfbf2a479c80,e5ed1249-9a29-4032-91fa-6b046c254f59
b1eb6ad6-07cc-46db-ab96-8a06e06cd284,35735.51,601.0,5f401dfb-a2ea-4588-98a3-6acf83434bc0,17844629-c9a0-405c-824a-b4bcd9e79742
bb59e706-f9ed-4146-9af6-398edc73d5ea,39775.92,917.91,3c747977-a56a-4b8a-a7a3-8fe703313f77,e1816686-7df7-4ca4-b867-47c802408ff7
b37cc289-9e7c-45e5-b7e1-0a37fd16c781,86036.66,164.53,1138ae5a-b026-46d5-8fb3-5c23da6349a8,e5ed1249-9a29-4032-91fa-6b046c254f59
7073095d-67f9-498b-889e-7205a843012f,58806.47,0.73,c3a45975-b3d6-407c-a0ba-85509d927861,e1816686-7df7-4ca4-b867-47c802408ff7
39817be5-fbfe-4411-91e3-719acb6e56da,33058.13,864.26,cfe9789b-d358-48c6-9245-df934ae91868,17844629-c9a0-405c-824a-b4bcd9e79742
a6d0f605-9005-45c3-8f03-2131cdb74ae8,53807.87,304.86,f1b55a16-3107-45aa-af10-12dc4b74e3c8,17844629-c9a0-405c-824a-b4bcd9e79742
f8f3670f-ea3b-45cd-9310-745b96f17243,48605.74,408.54,8f4a36c9-59e4-4144-ac4e-8fe59663c8a6,e5ed1249-9a29-4032-91fa-6b046c254f59
2542ea27-26dd-48dd-a7a4-f15372b35a6c,52824.84,455.85,a7367206-a883-4496-addd-336d4170e49d,e1816686-7df7-4ca4-b867-47c802408ff7
4ebc4d11-3f0d-4950-b9ae-71d55a811b4f,74446.59,725.32,a9324005-6fdb-4b78-8126-ec73bfcf0f30,e1816686-7df7-4ca4-b867-47c802408ff7
a090d16d-6975-44af-9cd1-b0fc1ea0a44e,85671.72,686.52,3c4f29ae-459f-41d6-bb47-e3f2f04b7e63,e1816686-7df7-4ca4-b867-47c802408ff7
fa75dc31-66bb-45e5-be53-94f06da0ce9d,47280.51,409.39,7954e2dc-f644-40cb-b82a-5286c5181cf7,17844629-c9a0-405c-824a-b4bcd9e79742
14a5e4ea-7dd7-41e8-ba37-684804f98c65,87974.73,946.02,1fe01da3-32c7-46ec-ac28-a25677826654,bcb6c8df-8c62-4816-a00d-006931ae9315
fbd831c6-370f-4ef4-8654-062ba627cd49,31519.12,556.57,fc799818-24f0-45d1-9087-2d8356e08766,17844629-c9a0-405c-824a-b4bcd9e79742
524fcd3c-3e69-4aed-8de6-d3ee52e82828,40440.27,312.67,f848eda2-d0be-4058-b896-40657397c5a5,bcb6c8df-8c62-4816-a00d-006931ae9315
6933446c-f908-4e20-addb-716f24a69bb1,64485.05,901.84,98275de8-b8a9-4a7b-995d-3d25c6b6f7c5,7b4134c4-dc4f-4b01-96da-ace8cb06c491
c51660f3-c6af-4192-a39f-03298b0aeb68,39188.71,922.35,2fb5e4ec-5dbf-413c-a74d-08482ffcab28,e5ed1249-9a29-4032-91fa-6b046c254f59
b6511dff-ac0f-416e-bf09-23ddc787ce19,35678.18,56.65,c28561f4-648e-4069-9108-9cad37f5ce65,7b4134c4-dc4f-4b01-96da-ace8cb06c491
0c89bbf2-4cab-4ab3-bf0d-8b7e0e936df5,87872.46,343.11,334d392e-b6f1-4b8b-b331-fdb082beea05,e1816686-7df7-4ca4-b867-47c802408ff7
223f7e71-1e92-4a72-83ec-7d0a1d3103a3,52110.22,488.64,99f0e005-baa6-41d8-b87e-bfdd58de0167,e1816686-7df7-4ca4-b867-47c802408ff7
76476b72-2a7e-4ee1-889f-5256f1333a8b,69595.03,166.97,86d2ee2e-91b9-4b26-a50a-a1e8ce5c35e8,e1816686-7df7-4ca4-b867-47c802408ff7
53c1aa53-009b-4d47-bfa3-069329ff145a,70943.17,461.34,375f534a-d07a-4748-b869-d7ec7bcb299e,e1816686-7df7-4ca4-b867-47c802408ff7
3ddee5c1-d74f-4e4c-bf5d-5156bedd8263,46918.14,225.36,6f5714d0-5510-400c-9eaf-00eaf7197ceb,17844629-c9a0-405c-824a-b4bcd9e79742
a34b411c-37da-420d-aa88-d35a13a2c523,70993.81,599.59,33637292-9f92-4903-b698-249ff888b208,e5ed1249-9a29-4032-91fa-6b046c254f59
612ce6b5-ad3a-4ee6-b9ef-0d4c360bece5,40762.89,805.89,75104f3a-6d37-40c5-b376-df66cca8a6c6,7b4134c4-dc4f-4b01-96da-ace8cb06c491
e100ca53-394a-4008-9343-2a046efa78b0,33842.01,933.24,286ddd3d-72ed-4b79-977e-c0fc88d0d48f,e5ed1249-9a29-4032-91fa-6b046c254f59
eb6f7c17-0386-4f9c-8aed-0521f4639c86,43085.96,947.49,cd398f4c-d696-4647-8078-1a5640b0378f,7b4134c4-dc4f-4b01-96da-ace8cb06c491
27e029df-749c-4b90-a389-8d0408941360,87753.32,483.66,2e1839b4-4445-4bac-9a3d-cdda99d76c75,7b4134c4-dc4f-4b01-96da-ace8cb06c491
360b1cc2-61bc-4665-8202-d1a572fc240b,82033.33,806.66,b87aef0c-c0c9-4719-b400-50dafe492066,bcb6c8df-8c62-4816-a00d-006931ae9315
ce3e1e29-803f-427e-a045-eaf82550b60e,71049.76,191.24,c135b8c2-a95c-4bf7-8911-8762920cf441,e1816686-7df7-4ca4-b867-47c802408ff7
c78c943b-a750-47d1-af11-97b7aeda660a,76522.94,137.3,eb8bc61e-cdac-41db-8357-e666fb7e29c8,e5ed1249-9a29-4032-91fa-6b046c254f59
7961c6a8-63a4-4989-8cdc-35d4e140227b,48376.31,938.57,95a25e99-963f-4617-a4d6-b05bff5f0d35,bcb6c8df-8c62-4816-a00d-006931ae9315
ac78e659-26a8-420f-881e-15a22218e372,58563.63,264.15,7b118e6b-be08-4c6a-be7a-2aa0c46ab60d,7b4134c4-dc4f-4b01-96da-ace8cb06c491
14730b5e-dcbd-4dac-816c-f607dd56896a,55641.26,157.44,9d8ee036-9038-45cb-8e5d-592e7b7bfc30,bcb6c8df-8c62-4816-a00d-006931ae9315
913a28b3-7556-4d2e-868a-1b4954d37ccc,76083.07,328.2,05a20caf-db57-467b-9b4e-600b4a910608,17844629-c9a0-405c-824a-b4bcd9e79742
c448460e-43dd-4943-932e-02b51fc539fc,41347.02,449.43,d8ba8b0b-1b32-4eb4-9fd6-95ad5162bff9,7b4134c4-dc4f-4b01-96da-ace8cb06c491
d04f6339-1816-458d-b373-272b5de67489,78882.05,49.7,4d364602-8859-4f56-ade1-76d0b9fd7a8f,bcb6c8df-8c62-4816-a00d-006931ae9315
a48f1c68-db7b-489e-98ce-5e9516e3027d,84758.75,494.04,8aceaf15-0c01-4462-a7f5-b47ca117bc7b,bcb6c8df-8c62-4816-a00d-006931ae9315
ccbbdd9a-db63-4386-9771-99391431b649,54105.93,22.76,7869ece7-b425-46ac-9dd1-edb6e568998a,7b4134c4-dc4f-4b01-96da-ace8cb06c491
88a3a6a2-2e69-4e3e-9d5a-b5e6b5d851c5,40713.84,850.93,337fd148-ac10-4260-8bd9-8f4deb230134,e5ed1249-9a29-4032-91fa-6b046c254f59
7b9bf25a-708f-407f-bf93-4af0417db599,73285.68,346.8,7cff51bf-b3cd-4879-b507-b82261c1a205,e1816686-7df7-4ca4-b867-47c802408ff7
b1e74033-5c41-46ea-81ea-98efd692a27f,53304.24,946.49,a47bacde-7282-46c4-b355-2be5324d07a8,bcb6c8df-8c62-4816-a00d-006931ae9315
2fb2b9e0-d08d-49ca-9707-e39ccc7a140a,41946.68,86.89,53c4a808-0699-4f88-a0f0-9eda38aa7b42,bcb6c8df-8c62-4816-a00d-006931ae9315
9f6d29aa-c0eb-40c9-8fcb-5b5a717e310f,53786.98,188.44,a4974367-fc64-465c-a182-24e3ae8978d7,7b4134c4-dc4f-4b01-96da-ace8cb06c491
95055c3c-3c60-422d-8d9c-d4cb7950e835,61101.55,790.57,b2a97474-57e9-4fe6-aeef-0cd83ca1f80b,17844629-c9a0-405c-824a-b4bcd9e79742
57567c59-415f-431a-a809-066505f25f29,59061.39,282.85,121422b7-b03b-486f-9af6-c909e40436c0,e5ed1249-9a29-4032-91fa-6b046c254f59
7ce0c524-e525-4589-8324-2125313c3cab,79133.82,289.79,451f9f7f-d7cb-40f3-87fa-ee47d3563cb2,e1816686-7df7-4ca4-b867-47c802408ff7
a0b13602-ca95-4df1-b697-60ed5ab48d30,81407.54,849.15,7017e579-fc94-4727-b7e1-e6a2bfe981fd,7b4134c4-dc4f-4b01-96da-ace8cb06c491
e25580f9-03e8-4843-add7-769bbe05482d,45553.64,656.19,0e277f08-5d83-4fb8-aa5f-c2090cce65a5,7b4134c4-dc4f-4b01-96da-ace8cb06c491
26e41b82-4b62-45b1-b75e-19af498dd9f6,82113.09,690.04,22e659c4-de19-4ac7-8d25-90208d76eabf,e1816686-7df7-4ca4-b867-47c802408ff7
f3cef9a6-418b-4e61-acab-1506e24b7583,37974.1,962.99,ba0a1065-2053-4ecb-a3f0-1fa70eb0bae6,e1816686-7df7-4ca4-b867-47c802408ff7
c3a91fbc-ac9a-4d65-b2d3-9fe947543658,66652.12,592.94,0fa7e286-be24-4d35-b12c-14c53e60e3bd,e5ed1249-9a29-4032-91fa-6b046c254f59
56507732-8036-409a-a966-4ed9d9820512,43445.75,952.04,26ddca08-2101-4c05-891a-c8061e0073e1,e5ed1249-9a29-4032-91fa-6b046c254f59
2be1a76d-d487-424f-8d23-ee2e62408ed4,81536.71,150.26,d3cd31d2-b64b-4473-9fae-e24b4cad0161,bcb6c8df-8c62-4816-a00d-006931ae9315
de720b5b-4e3f-4085-9c5b-b6486aa93d1a,60420.98,868.0,d3fd03d9-8e85-4dd2-80af-f7f4524e74fc,bcb6c8df-8c62-4816-a00d-006931ae9315
c6990006-d44e-4238-9ef5-8c3598cc439b,52156.05,8.13,c3acce41-7382-41ca-8185-11e89f866105,bcb6c8df-8c62-4816-a00d-006931ae9315
b20d75d5-3950-4c93-8fd5-549d3d4a18e7,87363.99,953.25,02479c04-2516-462f-b577-0ed25be6671e,e1816686-7df7-4ca4-b867-47c802408ff7
8a51b226-bbe4-427e-8882-718d6a6652c6,85674.18,891.83,dbaa67b3-54c5-4b29-ad03-14a10d4bc280,bcb6c8df-8c62-4816-a00d-006931ae9315
60bb4f1f-318c-4366-af59-f273db465c8e,77599.65,461.59,f9cbb1e0-815c-41a3-9577-f8ee258b940e,e5ed1249-9a29-4032-91fa-6b046c254f59
9f0aa71e-da07-4f37-8bd6-22d5f967dd7c,86950.56,229.85,14f6a961-d44c-4f82-ab69-1de3f31df0de,17844629-c9a0-405c-824a-b4bcd9e79742
7fe8fe97-41db-40eb-ac86-5aca771d61e0,88432.65,430.96,266bac0e-5e05-41ee-9643-b83af304760e,bcb6c8df-8c62-4816-a00d-006931ae9315
a4b5bf1c-76b0-4d74-bcdc-3a2485545c21,58768.4,664.83,d724e7cb-8ded-4ba5-9ac5-09da98c7d032,bcb6c8df-8c62-4816-a00d-006931ae9315
22abec44-b441-453c-870e-ce33ea549696,73800.07,896.34,704d0089-b390-4a2f-bbaf-c8dade595ddd,17844629-c9a0-405c-824a-b4bcd9e79742
faec4fa9-3efc-456b-847f-b6fe844ac891,57993.7,774.4,d882883b-3a33-446f-b4ec-fa68f5029a9d,bcb6c8df-8c62-4816-a00d-006931ae9315
d6b27865-0317-4e03-b7e4-8211c7b95d6d,64973.3,210.49,7939b646-3ddc-4930-ac17-ca21ff6fb55e,17844629-c9a0-405c-824a-b4bcd9e79742
6f856834-f8ae-4e55-bb84-84dff54c206e,73157.85,62.54,f3d008d3-597b-48c4-a738-f7d4ac1cff7f,e5ed1249-9a29-4032-91fa-6b046c254f59
ac7d5a46-9ea3-4100-b1c5-0fa31aa8a5cd,84686.64,182.17,5604e4f3-fa10-4d96-ad4e-0414f9f82bf3,bcb6c8df-8c62-4816-a00d-006931ae9315
8aa45f2f-764d-4a38-8699-f5d164218878,37142.78,716.67,50678b7d-b014-4f9a-a834-c3531c35b196,e1816686-7df7-4ca4-b867-47c802408ff7
87236d63-f4d1-4ade-9064-f971939bc2d9,30221.72,198.81,ead4be36-e570-4263-9a01-448e875d69c6,17844629-c9a0-405c-824a-b4bcd9e79742
f03b10ff-b642-4889-9913-b8179e6202bb,74497.99,926.11,91768a14-ed92-4bcb-b21b-d23730643003,e5ed1249-9a29-4032-91fa-6b046c254f59
c3bd0a37-8c91-474a-8a98-9df0d19c42f3,70324.47,783.09,beb7b0b3-8ed7-4aef-8783-cede2816baaf,7b4134c4-dc4f-4b01-96da-ace8cb06c491
82443bd3-a6cb-4b84-978e-ee13d6c2d7e2,67704.67,567.29,30c64b58-017c-49f9-aefa-32992f843938,bcb6c8df-8c62-4816-a00d-006931ae9315
af819bbb-4f11-4003-baa3-7a3206501d46,34009.05,333.48,2f745a47-a2a4-400c-bbb0-d56b2a2b68f3,bcb6c8df-8c62-4816-a00d-006931ae9315
b7cc0c59-264e-48e8-9dff-896d545a2bee,64797.25,218.71,842b9cdc-a8f3-4fe3-b5bd-a6df91a6f5a3,e1816686-7df7-4ca4-b867-47c802408ff7
ccfe573d-b76a-4a3b-9dec-7e06b9edd4a1,78218.99,787.0,db7f2034-df90-453b-87a0-dadfc715d056,7b4134c4-dc4f-4b01-96da-ace8cb06c491
936f8a17-949b-4afa-9455-d5af5c7ac90a,65996.37,533.0,aaa9e0d5-2c78-4de9-971e-386af696a9ec,17844629-c9a0-405c-824a-b4bcd9e79742
8f05e1c3-11e2-4140-8a5a-8cef44c28337,33865.03,986.04,213cc78d-751a-407a-baa8-0d74175209c1,17844629-c9a0-405c-824a-b4bcd9e79742
a0383154-66b9-4dfd-9244-5924e6f78b09,52893.36,864.58,4f4314c7-324c-4236-88e4-b019cc1a44dd,e5ed1249-9a29-4032-91fa-6b046c254f59
90c5f97c-79a0-428c-aaa8-ee3e94e86d71,70642.78,699.59,d4b7f105-4b1e-4854-9135-55cfeca2b00d,7b4134c4-dc4f-4b01-96da-ace8cb06c491
7973c0bd-2146-4758-9526-d5ab17d80ebb,70721.85,265.84,585e2b52-41f0-4542-97cc-371315873525,e1816686-7df7-4ca4-b867-47c802408ff7
adac0ac9-1188-4a5e-a267-cddb7db6f154,37757.14,645.37,115d9267-fb96-4483-9708-780a950dbfce,bcb6c8df-8c62-4816-a00d-006931ae9315
e28c7f99-cebc-481e-a223-3dd1db8f9832,89498.95,407.68,b9daf59f-6372-4b8d-b922-873b40f1c2fb,17844629-c9a0-405c-824a-b4bcd9e79742
76f0799b-d5d8-4d96-b496-47084b2a2394,60449.85,1.34,3beed0f3-b9fc-4356-ad6a-353b002d3411,e1816686-7df7-4ca4-b867-47c802408ff7
9e72a7a9-140f-4572-a64c-c0d0e18378ce,58429.99,337.11,61f057ad-207b-4d1f-ba0e-e5e9a4294b1d,bcb6c8df-8c62-4816-a00d-006931ae9315
68f487b4-d846-431a-993a-a6f0300ddb0e,51907.16,76.67,458af1e4-2c6a-4e5f-900e-0dea1ba1beb7,e1816686-7df7-4ca4-b867-47c802408ff7
0048dacd-a4ca-49f6-981b-07f955d83a15,53430.67,204.18,14f01e31-8509-4cb8-bb80-dd30657f1ed0,7b4134c4-dc4f-4b01-96da-ace8cb06c491
0fccde4a-9c22-40af-9806-1694877953d3,86973.76,547.3,3a6ecc16-f7f0-459d-9631-4da4a193a052,17844629-c9a0-405c-824a-b4bcd9e79742
159ebb90-22bd-41f8-b0ef-df9d62c5deb1,31324.39,706.33,6af5aa03-44f4-4822-8874-7a240b23a5c0,17844629-c9a0-405c-824a-b4bcd9e79742
3f8882fd-10d3-4761-a159-8ce5f21ea993,40786.46,636.45,a644900e-53a5-4049-a5b5-0b32809cf54d,17844629-c9a0-405c-824a-b4bcd9e79742
7bf2860e-648f-46c3-9df8-22a502683e95,74600.71,737.38,98f6312f-9d31-49c0-8c8e-ecc232c8c41e,17844629-c9a0-405c-824a-b4bcd9e79742
80a306e4-78d6-4b8e-b07e-2cb748f1f710,86641.85,688.46,1536d76f-d8d1-40b7-aaef-3cb52fba83c8,bcb6c8df-8c62-4816-a00d-006931ae9315
39f9289e-7159-4f98-86aa-170c1bdc0047,74973.06,992.58,28bab2cf-9d29-4d48-893a-4e44be0df619,e5ed1249-9a29-4032-91fa-6b046c254f59
da9df60f-d4ca-4375-a20d-b7c4d331b1fc,71403.03,967.7,9ec5ae60-37c3-4d0e-8ae5-cc3a46e6ee6b,7b4134c4-dc4f-4b01-96da-ace8cb06c491
6063eda0-250d-4ae6-925f-a2f60211559e,67990.08,979.8,d039e768-5e91-435d-8855-1756147ddd50,bcb6c8df-8c62-4816-a00d-006931ae9315
91f82550-1181-4281-a28f-c44d6d6111a9,33359.28,684.17,5b9e1391-5040-42c7-b553-767acecf86f3,bcb6c8df-8c62-4816-a00d-006931ae9315
f3f89ab7-1c13-479d-9051-8a3cf03da6db,65667.88,226.94,f27af240-d7bc-4a32-8669-052871243a8d,17844629-c9a0-405c-824a-b4bcd9e79742
0f01accc-3872-4557-8f05-69ddd523ac42,84700.52,731.14,bce8fde7-a3ac-4327-9a72-f337b1ec3ba3,e1816686-7df7-4ca4-b867-47c802408ff7
4193dde1-4276-4521-bcd4-ca8408390442,62831.23,377.18,70b793b2-6391-435c-9e5d-7e1d37b2e4bc,e5ed1249-9a29-4032-91fa-6b046c254f59
2304176b-3ecd-4fe9-a319-1b0a68597044,66177.94,677.95,66ad5749-2e99-4ca6-a915-272d6e726e81,e1816686-7df7-4ca4-b867-47c802408ff7
85432cac-e06c-4ce7-b8a4-bd2467cc4f2d,85087.96,954.41,e5afd695-cceb-4556-a3f7-2c55e71c5d0a,e5ed1249-9a29-4032-91fa-6b046c254f59
b2230c4e-697a-422c-9dd9-69aa76076475,49757.87,236.18,ab471422-a84b-45af-972f-a6bea08131c0,17844629-c9a0-405c-824a-b4bcd9e79742
ff2c0256-aa5f-4626-9360-11938abf2b3f,48021.99,909.48,1ab3ecdb-dbcd-4a85-9717-40fe4c4f2a12,e1816686-7df7-4ca4-b867-47c802408ff7
cb927467-be13-422c-92d6-c794168b69b6,56080.42,605.73,2321edf5-c998-4d7d-8a7d-19d8e5124c2c,7b4134c4-dc4f-4b01-96da-ace8cb06c491
7ae8250b-e7c5-4eaf-a626-2b74c8b3814f,79799.78,208.1,9d1ea754-9cde-43e9-a134-788eda25d0f4,e1816686-7df7-4ca4-b867-47c802408ff7
89d32b30-2a49-4a31-92a0-edd833e3f964,73273.77,567.71,a091bc50-093b-4907-a871-15650d730863,e1816686-7df7-4ca4-b867-47c802408ff7
474fbc24-2f0d-4cb0-912b-c60857be9124,43317.66,23.17,71868ba7-ffb1-4b2f-9ddd-7b91f8b1acf3,e1816686-7df7-4ca4-b867-47c802408ff7
f596be0d-502a-4f39-8559-5e89afe80c9a,63275.42,126.93,b4de346f-6962-4ea9-a304-77238dd73f38,e1816686-7df7-4ca4-b867-47c802408ff7
d5d91be1-59a6-4ec9-b51a-0525e492b972,87435.39,798.97,3c771aec-2281-4ec1-a8c5-9a8908ae82b6,7b4134c4-dc4f-4b01-96da-ace8cb06c491
bf4b884c-e11a-4223-a2b2-4879e52ca154,40350.22,287.83,47394197-364b-4129-ae6c-3c3c84eb3409,e5ed1249-9a29-4032-91fa-6b046c254f59
c408bbbe-6584-44c0-a2e0-4b28adb4d881,48215.98,226.58,b5592872-bada-4eab-8cea-991ead01b6cf,17844629-c9a0-405c-824a-b4bcd9e79742
99f70665-2724-4271-a714-a888885ffdef,54322.24,907.48,a68a5d0f-488c-40cc-b3a0-6e85c7b66a88,17844629-c9a0-405c-824a-b4bcd9e79742
b216fda2-5a47-4b87-a961-fc32ce540a05,41250.17,645.21,821b2083-19bf-4a7b-b7d3-8580a5364bd0,bcb6c8df-8c62-4816-a00d-006931ae9315
239159c1-43bd-4a34-924b-0d5fa8b9fe09,82596.69,65.98,3ddb9bd3-d6b7-4b71-a367-4f3ede7cd7c9,7b4134c4-dc4f-4b01-96da-ace8cb06c491
1fb79146-7f75-4e02-854d-8cde144bdc9d,88248.99,562.4,ca1ed1f1-092b-4e65-9e27-2702bc457e33,bcb6c8df-8c62-4816-a00d-006931ae9315
dae98577-5878-4e39-b0b5-3086492e787c,30561.47,169.13,7b551c0f-1cc8-4d33-86e9-6d5556342778,e5ed1249-9a29-4032-91fa-6b046c254f59
6c184e66-57d6-437d-9d64-92da764a3f29,60986.09,289.12,ff7377c5-5998-470e-b98d-8fff74a17f88,e5ed1249-9a29-4032-91fa-6b046c254f59
25f6a194-9ad1-47d1-80f9-8fb718309327,89904.6,711.08,658c53b5-0f9c-4c5b-a6d5-0cdf356db0eb,e1816686-7df7-4ca4-b867-47c802408ff7
4169a841-5905-48b2-81dc-7d58d585b6d1,37177.02,365.37,6ee1889d-ad2d-43b5-86ac-0fd20d3757b5,7b4134c4-dc4f-4b01-96da-ace8cb06c491
3248238b-3f7f-4b5e-a3c4-4fafdf774c0c,63067.13,532.67,d34dec30-bb32-40ef-acb9-f19bddcbc166,e5ed1249-9a29-4032-91fa-6b046c254f59
73b45c0b-1773-44b9-bf9f-46b17ad72217,66518.34,15.45,3c3d7280-57d8-4391-bad0-49e49ee6be93,7b4134c4-dc4f-4b01-96da-ace8cb06c491
2bc76f27-73c4-446e-9a64-bb62b155039a,33139.03,504.86,bbc92ef5-3c97-4add-992a-d99063209334,7b4134c4-dc4f-4b01-96da-ace8cb06c491
35e194cb-ce4e-4a8f-8758-e33f9f9e15b0,70831.6,505.59,20269a1a-f67a-4328-b0c2-e3afad2affb6,e5ed1249-9a29-4032-91fa-6b046c254f59
21f29e84-a5a0-48b6-95d1-1708f69c2c30,87145.8,96.96,061e703d-f84e-48a8-992d-729be6e4e920,17844629-c9a0-405c-824a-b4bcd9e79742
cf227ca2-31d4-445b-963f-c3908b7c5f59,44258.59,224.11,d55430ab-4390-45c0-9b03-7de409fd8908,7b4134c4-dc4f-4b01-96da-ace8cb06c491
3f2b588f-5621-4117-bb67-3ec7b5b68367,58502.83,234.27,bb338090-6b7f-4dc9-8b8e-a396d64ae9c3,17844629-c9a0-405c-824a-b4bcd9e79742
a5529c32-7bf1-4d72-8995-ab3f5a48a81f,76969.14,994.96,1ad9d41a-6876-4d85-8424-1c7bcedc9504,e5ed1249-9a29-4032-91fa-6b046c254f59
5354ee1c-b7c7-44c0-a30d-0901a93b27ee,67412.21,842.89,b1d4ebd0-8a35-45ba-adad-d6c71f8aaf8e,7b4134c4-dc4f-4b01-96da-ace8cb06c491
f8d1f805-86d8-42e4-8846-b957f0ae018d,62721.93,358.29,9efa7870-3684-493e-807b-dbbc15f20d36,7b4134c4-dc4f-4b01-96da-ace8cb06c491
40d55cbc-ba81-4b88-ad48-b69d11c3e9b7,54665.03,938.01,a65a82ec-5f2e-41bb-bf95-aa83b037bc0b,e5ed1249-9a29-4032-91fa-6b046c254f59
355278e8-91a3-4360-956d-b6368833c27f,71534.16,645.52,b69c0991-0477-4bdb-a400-b51b291fbb83,17844629-c9a0-405c-824a-b4bcd9e79742
870a37ff-dbf3-4dbe-9bb9-cddf0b6c2c9e,62829.79,550.49,ddb98d43-c986-44a8-98d7-690af9985042,e5ed1249-9a29-4032-91fa-6b046c254f59
4be6b30f-4e07-4476-bd28-34d46c284be7,65843.49,115.23,21dfcd04-23ff-4ccc-8963-299226a002cc,7b4134c4-dc4f-4b01-96da-ace8cb06c491
2fa5557c-ce47-490a-971b-b886c75f9523,72163.94,77.92,faeaecae-99c2-4744-a3e2-670b83e6c803,bcb6c8df-8c62-4816-a00d-006931ae9315
e10c4227-2506-4a4c-a9ce-c5e64221241b,83926.57,25.47,d4a12b14-d572-4e77-b20d-64d07298cb57,e1816686-7df7-4ca4-b867-47c802408ff7
47cbdc8a-ebc4-4a6a-a01d-7517d045579f,56428.93,356.73,0d64040b-569d-4e5a-bf13-bb201bc6227e,7b4134c4-dc4f-4b01-96da-ace8cb06c491
f322c66f-f497-4273-ba5a-b2802dde045a,85779.92,27.14,e4b2bed3-3a44-416f-848c-c10769ab1a3c,7b4134c4-dc4f-4b01-96da-ace8cb06c491
583a3c37-334e-40f8-a6ee-133d5c4b303c,35323.56,88.19,593a13d8-9328-4145-8c92-335d6c8979bc,e5ed1249-9a29-4032-91fa-6b046c254f59
64a410e1-4288-4618-9b92-6c245dff5493,52593.52,552.32,4b9a9e8f-b626-40f8-b340-9017e1f0fd4b,e1816686-7df7-4ca4-b867-47c802408ff7
886a1ee3-3972-419d-8a3a-1921ee14d28f,34308.52,34.97,cdc7518b-0e4b-4710-a943-49c0ee22f683,e5ed1249-9a29-4032-91fa-6b046c254f59
919e4f58-14b6-4a67-a438-e1db1176c6b0,32828.11,407.56,4d83ea84-3c86-4fd3-a3cb-90dd5162c4bb,e5ed1249-9a29-4032-91fa-6b046c254f59
4ff1e898-d166-4521-b194-272efd11201b,67209.67,527.61,63858050-d9b9-4b07-af86-d0048b20f90e,bcb6c8df-8c62-4816-a00d-006931ae9315
649a76d3-8e29-4ae0-a853-f55fdf269517,42291.31,258.19,dcc47dc5-3fc7-4983-829a-330abffa038b,7b4134c4-dc4f-4b01-96da-ace8cb06c491
5d3fabc1-8456-4ff7-9ed1-c06c6037cd0c,70838.56,264.95,3f49459b-ae25-4e87-8f5f-fed44e06583d,e1816686-7df7-4ca4-b867-47c802408ff7
f8f99718-f3cf-4a76-a806-5728e340b48a,37603.65,990.71,f87aab81-8f8b-4ad7-b892-3e616d40bdfa,bcb6c8df-8c62-4816-a00d-006931ae9315
2826d61f-23d2-4fa6-b3c6-eb652ccdfeb7,59833.17,870.8,8d223d03-6297-4ae8-ac49-0f7d4b4ae254,7b4134c4-dc4f-4b01-96da-ace8cb06c491
95a5d5d3-d6cb-4d9b-881f-aa9f97fbb3a4,44990.06,796.98,34b4f97e-60bf-46e6-b9e2-5e44ea348261,bcb6c8df-8c62-4816-a00d-006931ae9315
30d6ca89-6a53-4a6f-a9f8-665763796a70,73485.09,716.3,e25f0470-2d58-4e14-985a-b59124b7b369,7b4134c4-dc4f-4b01-96da-ace8cb06c491
7a41f202-ecbd-4f31-a828-14035bc467fd,83609.69,774.44,2993a770-81ca-4bf0-b643-87b8ce4da827,17844629-c9a0-405c-824a-b4bcd9e79742
e78c95f5-06ab-4182-b131-3c6597fa8786,58826.21,786.47,c1ec1f97-3d1b-48d4-bb02-49a8e3d2582a,e5ed1249-9a29-4032-91fa-6b046c254f59
828a0a9a-b39d-4c5d-a7a1-0ecd221ab89e,53112.32,43.92,d501f8ff-c4da-4b20-9b2d-6f697fa9da06,17844629-c9a0-405c-824a-b4bcd9e79742
caa51599-0180-41d0-9720-0bde41fa6595,65865.84,108.02,36b000ee-a8bc-4da4-adc3-c79d286d9d09,e5ed1249-9a29-4032-91fa-6b046c254f59
8565c09a-30ac-41ba-8827-424aaa075664,84185.97,420.43,77c1c402-8f79-445a-89d7-cd98d01d1eef,e1816686-7df7-4ca4-b867-47c802408ff7
29aab691-ea47-45f1-88d6-b6c96d3070c9,51432.01,558.17,06404bb4-262c-4866-9c83-fb622ff8ea06,17844629-c9a0-405c-824a-b4bcd9e79742
e4f5270f-5476-4571-9ba7-2b37644e7e95,53785.1,755.89,a6e27d04-b8f6-4ee7-8690-3afce18c3869,7b4134c4-dc4f-4b01-96da-ace8cb06c491
34d950e5-da38-4439-8665-62d8e4f0c096,86589.25,623.88,bb3356be-21be-4988-a26a-5ec2e06f2e7b,17844629-c9a0-405c-824a-b4bcd9e79742
f3827466-c1c5-4aa8-b898-43f8a254c329,48326.12,617.07,4964c04e-757f-4e19-888f-305e9cc89c18,17844629-c9a0-405c-824a-b4bcd9e79742
975a7627-0fd5-4964-bea2-9f897c9f279f,54839.2,17.64,83b6fb60-d54a-42bd-9d2b-dd4a321712a1,bcb6c8df-8c62-4816-a00d-006931ae9315
45ca07fd-2e77-4152-b8ce-dd6812558a3e,89128.93,307.21,7ab0003d-ffc2-42b4-a459-ab930c02bf48,7b4134c4-dc4f-4b01-96da-ace8cb06c491
5352e179-8592-4034-b110-db0761f3c0db,71685.53,377.16,93c9e63c-5c0e-4148-9ae8-4527e1a0df1d,e1816686-7df7-4ca4-b867-47c802408ff7
6ba167b1-8710-436a-a536-bb4a2a8b1e08,32470.26,593.44,7a1132b8-c092-4285-9d66-f9efe6b709ed,7b4134c4-dc4f-4b01-96da-ace8cb06c491
85a0a7aa-909c-4e15-ab38-666c0d3068af,37892.41,445.72,135dbfc5-2376-450e-89c4-effcb1adb5a6,bcb6c8df-8c62-4816-a00d-006931ae9315
16c0d7fe-23ed-4c21-8f48-26a59c6b787d,89269.37,553.27,83d3f668-0621-48ea-9ad5-0ae99a7f5916,e5ed1249-9a29-4032-91fa-6b046c254f59
c385b29a-3478-405e-bf14-60bef4618123,34147.88,25.43,83eb8732-ad58-40b9-874f-7da1dff7db2e,17844629-c9a0-405c-824a-b4bcd9e79742
f6bb345a-e911-4290-810e-af54bca8ae68,76080.29,195.5,e5afd695-cceb-4556-a3f7-2c55e71c5d0a,e1816686-7df7-4ca4-b867-47c802408ff7
78f3146b-411a-4cc0-b8ad-0253cbb8c35b,59008.6,737.6,cd52e261-9609-44b9-9bec-c3446a80bfa8,e5ed1249-9a29-4032-91fa-6b046c254f59
4119cfde-9d4d-43ec-b2fa-99f6d0ca8e35,77333.74,58.99,23d4ffcd-0f81-4e71-ade5-349f2d81b65c,7b4134c4-dc4f-4b01-96da-ace8cb06c491
2d96a3b3-bf5e-4f89-984f-c7362f49a878,52361.55,59.72,3df3d951-3fe0-4b61-8631-507e9be577b4,17844629-c9a0-405c-824a-b4bcd9e79742
144877a7-f0d3-441e-8824-612c8d602113,52175.91,169.23,d1e8aada-f735-475e-9865-a3a7afcf57fe,17844629-c9a0-405c-824a-b4bcd9e79742
045513b2-9f79-4317-9ca5-420c9e9b27eb,41682.92,251.67,ca83c9f8-62ff-44c9-9887-9762b1212106,17844629-c9a0-405c-824a-b4bcd9e79742
df335bfc-ac69-4e74-a876-a317ba2a968e,52299.74,213.53,b8595060-b785-4ffc-b399-3b353642df79,7b4134c4-dc4f-4b01-96da-ace8cb06c491
55955913-7285-4931-8417-634c130f883d,78070.82,534.29,e35a01a0-3658-43d3-8e82-a05dced84390,17844629-c9a0-405c-824a-b4bcd9e79742
c062cb9b-d7e2-40cc-8f74-8ebebeee3fd7,83709.82,323.25,e563493b-8afa-42c1-99e7-775c40770883,17844629-c9a0-405c-824a-b4bcd9e79742
ee247732-edbc-4c26-8562-d5da0e4b029a,80366.24,512.28,94f0c6e5-c277-4479-88ee-9aa8e7f1453c,7b4134c4-dc4f-4b01-96da-ace8cb06c491
875508f0-08fa-4d78-ba4d-33d39590b062,63713.12,816.03,82844ea3-3a42-447f-8918-df742b41b58c,bcb6c8df-8c62-4816-a00d-006931ae9315
967bfdd8-0123-491b-ac41-1f3694dd1bf0,46243.76,980.47,a7ea6bbf-5456-4fe6-b1c4-1316e1d571e1,17844629-c9a0-405c-824a-b4bcd9e79742
8fd61b80-d033-4995-a1ec-646cc52cc800,81974.35,353.47,421be05e-b64a-47a6-bd8a-54c9c488d815,7b4134c4-dc4f-4b01-96da-ace8cb06c491
54d288a8-c808-460f-899f-61364bc9f846,77242.94,250.14,09158e97-75fd-436e-8e7e-e1bc6fdb1f52,7b4134c4-dc4f-4b01-96da-ace8cb06c491
261d8af6-7cd1-4e0f-8277-844184845fe8,52197.34,402.32,137d1082-691c-44a4-8f2c-924766183c47,e5ed1249-9a29-4032-91fa-6b046c254f59
4897088a-3a8d-4e23-8d4d-1c57e401a3e1,80379.52,833.39,dd99d7ea-ddb0-4bbb-a0d2-12dc4c004fb2,e5ed1249-9a29-4032-91fa-6b046c254f59
5d62c073-e2fa-4109-bbe7-3f3a26394251,77941.35,22.41,bb338090-6b7f-4dc9-8b8e-a396d64ae9c3,bcb6c8df-8c62-4816-a00d-006931ae9315
fcdb7f6b-d0cf-43e0-9677-a2f8ab467b59,61775.93,10.94,cd3726c5-6899-4e46-a110-3ab5e14d5365,17844629-c9a0-405c-824a-b4bcd9e79742
7a3cc79d-a470-49c5-8502-6ecce7b67c78,39861.34,974.43,08ce20b9-18d5-4bd1-bcd8-a6b61b6f4c33,e5ed1249-9a29-4032-91fa-6b046c254f59
11ec7c89-ce7d-4a10-a3cc-160d0fc36456,89240.67,328.96,6be99207-a2b3-48d2-adbb-18705a8cedfd,7b4134c4-dc4f-4b01-96da-ace8cb06c491
7d678451-076d-4013-9711-7595aedd41db,48522.8,719.5,cd7a4fb4-8dae-4103-b740-2aaecd3e7a2e,bcb6c8df-8c62-4816-a00d-006931ae9315
221077a7-068b-447e-abe3-42feb9b4b45a,71021.02,273.63,2429de4e-eef6-4011-9d09-aec165d05d96,7b4134c4-dc4f-4b01-96da-ace8cb06c491
05669c09-676d-43a2-ab41-7e5c6376012f,48005.84,201.42,b3cfff15-4331-4bea-a2e4-8b35002055cf,bcb6c8df-8c62-4816-a00d-006931ae9315
cf5e59bf-233d-4016-8249-bf3a2a253f55,51249.01,770.2,585e2b52-41f0-4542-97cc-371315873525,7b4134c4-dc4f-4b01-96da-ace8cb06c491
a866f0ef-7d34-45e7-ac62-480bd1a6dcbf,65067.93,727.67,5c8d6245-45d2-481a-821e-8dc209e203ff,e1816686-7df7-4ca4-b867-47c802408ff7
99f01e22-ab8a-4d9b-b4db-ee814cae914a,38442.68,574.11,d882883b-3a33-446f-b4ec-fa68f5029a9d,e5ed1249-9a29-4032-91fa-6b046c254f59
c66818a8-8b73-48a5-abff-947ba80b3a18,62057.91,174.04,843c0315-e25f-48cc-bcad-667e995c6e49,e1816686-7df7-4ca4-b867-47c802408ff7
1e6fef2a-7c97-49c0-a692-b3388c60394c,67399.89,195.78,65c2b132-8d94-4df6-a244-865151173124,e1816686-7df7-4ca4-b867-47c802408ff7
18263239-0982-4e0d-b11f-f7cd8b8bcb63,82428.52,330.5,d87b65b5-dede-4db1-abb8-2d564ce476db,7b4134c4-dc4f-4b01-96da-ace8cb06c491
56d6f8a7-01d4-43d6-9983-08f6d2256fc1,81283.83,463.51,f94bdc5b-5d47-48f6-b034-4de793b6e1b4,7b4134c4-dc4f-4b01-96da-ace8cb06c491
7d9b181a-0edd-4b6b-9a63-6c3918af7f81,84691.08,78.01,bf5268db-52ba-4edc-9757-b0e541bdc2db,bcb6c8df-8c62-4816-a00d-006931ae9315
c7500901-9382-413b-a5e7-3a51e34a2bb5,65630.79,695.15,34ab7406-c00d-4d36-83f0-849eb6af917a,e1816686-7df7-4ca4-b867-47c802408ff7
5a610fe3-62ca-4e06-b3d7-19badf24f631,63010.41,952.36,e8d6b9cf-d5fa-4b2e-9ad2-2de1d01c8532,7b4134c4-dc4f-4b01-96da-ace8cb06c491
cb0b312a-7562-4122-8ba2-ec3c7dd007d0,66030.68,592.48,12c73169-e77f-46ac-814b-1dd0ecc6387f,e1816686-7df7-4ca4-b867-47c802408ff7
297999e0-856f-4385-b843-68acde6292ee,81936.25,855.28,55a5aed2-7499-424e-9fc8-d5893eb31682,17844629-c9a0-405c-824a-b4bcd9e79742
adc392e6-b910-4478-9f71-5e2ed4988cec,38601.22,795.37,c3db2629-8ce7-4b60-8571-0cfa3ef9f9d7,e5ed1249-9a29-4032-91fa-6b046c254f59
927c8226-7e34-4171-ba87-a454068aa29d,40858.5,637.48,544e65b5-a845-4905-9cb0-ddfde3a627e7,17844629-c9a0-405c-824a-b4bcd9e79742
039a0ca7-9178-499b-81b2-c40fbb9114a1,69369.42,785.31,b8868fc1-023c-477f-a5fd-d269babdf472,e5ed1249-9a29-4032-91fa-6b046c254f59
1501b54a-7b0c-4bd8-b28d-6150054aae30,87382.37,247.62,eb821787-8236-4e15-b48a-67105e4667c6,e1816686-7df7-4ca4-b867-47c802408ff7
a2243c0d-8ff7-4a26-96f6-6b7e48f22eee,30813.69,188.69,7b132be5-d590-435a-a717-3a6d3407132b,7b4134c4-dc4f-4b01-96da-ace8cb06c491
d8ffa108-922d-46d4-be9c-8845c48d6b35,43393.56,776.08,a60b1b13-5869-4bb5-83f0-89cc1e395450,7b4134c4-dc4f-4b01-96da-ace8cb06c491
247f984a-c3c3-4a15-8850-4b57a025dad6,57152.48,355.73,96d47d2e-d0a8-4963-a9dc-ee6352c92453,bcb6c8df-8c62-4816-a00d-006931ae9315
81083092-4d24-4161-a5a9-ff3449cc9214,82202.93,276.0,da2ceabc-2e15-4a18-94c2-0ed8c52f49d7,e1816686-7df7-4ca4-b867-47c802408ff7
bbbbf5a6-9c97-4dcf-9830-02f8fa61034b,88814.89,323.46,c2ad378c-d047-4341-a10d-daa09c205939,7b4134c4-dc4f-4b01-96da-ace8cb06c491
bfde1475-7fd6-4aa9-9ba2-0f363b38efd8,85570.93,149.41,334d392e-b6f1-4b8b-b331-fdb082beea05,bcb6c8df-8c62-4816-a00d-006931ae9315
9977d19b-454e-4799-8bf8-5fe3404e3d9e,85912.51,788.61,121b761c-573e-496f-8fda-9c9ff3d19ff2,7b4134c4-dc4f-4b01-96da-ace8cb06c491
531f4468-0f72-4bbd-ad93-72b24e9d8699,69595.69,548.99,44f74d37-6bb3-4179-81fb-ee085cb82729,e5ed1249-9a29-4032-91fa-6b046c254f59
60d92b5b-0304-4614-ae29-99f4605ed9f0,32450.8,353.55,dd180f5c-2b12-47cd-a803-256df35db15a,bcb6c8df-8c62-4816-a00d-006931ae9315
2036aeae-d2f1-43e6-ba67-ea7e6c251e58,55736.35,931.02,a53b35e3-7154-4e89-87d2-7c1f0094b30d,e5ed1249-9a29-4032-91fa-6b046c254f59
a9dcbdfc-819b-48e1-90a0-5f94645c3e1e,80952.2,757.66,8776a5da-8f30-49d4-93d6-d0d25a84fb98,7b4134c4-dc4f-4b01-96da-ace8cb06c491
576322cc-a988-401a-aeb7-3cc861b24da8,67670.19,677.05,5f584f62-486b-4ecb-8c2a-4ff0990f776b,e1816686-7df7-4ca4-b867-47c802408ff7
372c8666-893b-4c53-beb4-55c2123bf67e,47064.09,620.86,315ee6a6-41de-4fbb-96f3-218cf4f47680,bcb6c8df-8c62-4816-a00d-006931ae9315
b92fd45e-0325-4991-8b74-ac0c01a36831,55531.5,786.74,5689c16c-3b04-4bcf-8b62-f7f0691df250,e1816686-7df7-4ca4-b867-47c802408ff7
07efe498-b0c0-4752-8dda-9348a54377af,89368.0,586.07,4ea1c3d6-632f-4d70-9005-f8e6264141ae,e5ed1249-9a29-4032-91fa-6b046c254f59
7e7abdca-0b41-4e4d-bd7f-6363b408e876,39290.08,523.97,0023d06d-a564-448a-941d-8f777bd58b15,17844629-c9a0-405c-824a-b4bcd9e79742
fdb88984-7bd4-45f0-97a8-951225eabdcb,40857.3,953.45,01f2b20f-53d8-4059-8828-3a604fe89bd9,e1816686-7df7-4ca4-b867-47c802408ff7
13edba2d-5ae6-4b2b-b539-b2021195cabc,62519.12,196.89,a659119b-f3b9-4d80-807b-229ff7b336be,bcb6c8df-8c62-4816-a00d-006931ae9315
5f8079a5-d067-4088-bc20-750d2cbb09db,50962.1,351.38,4546b030-30d5-46b8-bb2c-466b5e10f7b8,7b4134c4-dc4f-4b01-96da-ace8cb06c491
0af6e4dc-a43e-40c3-99da-47a18b4a287a,37097.24,198.26,a75db01d-2867-49c1-8bf9-fc74b4b26cfc,e1816686-7df7-4ca4-b867-47c802408ff7
2ab96d95-55d4-461a-8db5-d23b33c383d1,78510.2,683.95,f326b293-2c3f-4196-b831-78793209534c,e1816686-7df7-4ca4-b867-47c802408ff7
0f7e5932-36a9-4fa9-94e8-c3b564d4bf85,52170.9,600.51,5800bdea-baed-481f-a5f5-468205ec3e75,bcb6c8df-8c62-4816-a00d-006931ae9315
70af4bd6-b107-4e10-b950-fd65de7f94cd,86158.47,616.48,12c7845c-e793-4d1a-93e2-05feccc5ce44,bcb6c8df-8c62-4816-a00d-006931ae9315
1715d65b-2c07-4ce2-a51f-561795f628a8,54951.2,282.14,67e193e2-35d2-475f-af1e-37bae0afec6f,17844629-c9a0-405c-824a-b4bcd9e79742
19dfd10d-0708-4330-a228-e9bede33de0a,40927.67,350.56,ccf5526a-a631-4c71-85ab-5b39fcd426d2,e1816686-7df7-4ca4-b867-47c802408ff7
ce7701bb-15ab-49e9-9ad3-5ff32a3a0ae9,68360.8,233.58,475deec0-82f4-4519-9d72-1dfc0efd6558,bcb6c8df-8c62-4816-a00d-006931ae9315
0e1cb79f-22ea-4f12-92ac-4f475808890a,86287.48,697.75,d3cd31d2-b64b-4473-9fae-e24b4cad0161,7b4134c4-dc4f-4b01-96da-ace8cb06c491
abbdf09b-d5e6-4d5c-9b1c-15ad695e5748,85242.77,503.86,c1196ceb-459c-43d3-8301-ca9a3701d062,e1816686-7df7-4ca4-b867-47c802408ff7
a566b4e1-f11f-405f-89c4-0d5409c34d41,31158.72,844.3,ead04b67-a539-4e8e-b4af-848298a41ff3,17844629-c9a0-405c-824a-b4bcd9e79742
9e581024-b88b-4910-874c-9dc6f0f411db,62533.81,705.96,4794a6a1-afe5-45e9-b4e8-eb4d910d227d,bcb6c8df-8c62-4816-a00d-006931ae9315
5d4994aa-76b4-4d3b-bd0f-b9a0335dafd3,36374.69,255.37,1fe01da3-32c7-46ec-ac28-a25677826654,17844629-c9a0-405c-824a-b4bcd9e79742
7db27856-5bfe-41b9-bc8e-c94c17762e80,59830.92,103.18,bd6d1d82-7460-4dc8-bfe5-c18f47e60f3b,17844629-c9a0-405c-824a-b4bcd9e79742
824d1178-88d9-4353-aa57-0d13c6ff4f63,45661.2,460.55,8230fe66-192e-4fe3-b22c-ccfaf1035fec,bcb6c8df-8c62-4816-a00d-006931ae9315
2c6ebf96-c574-4072-a47c-da898d41275d,35950.18,2.14,b8d66aa3-6e68-4483-9416-ae08ddeafcca,17844629-c9a0-405c-824a-b4bcd9e79742
4dd3fe29-de52-45c0-89ba-5b0d77b7661c,42753.86,124.99,b8868fc1-023c-477f-a5fd-d269babdf472,e5ed1249-9a29-4032-91fa-6b046c254f59
135482b1-c0a7-480f-901b-c8b0548f2c2d,88928.25,954.73,135dbfc5-2376-450e-89c4-effcb1adb5a6,7b4134c4-dc4f-4b01-96da-ace8cb06c491
7ff33865-0466-41b9-b3c1-5b17971683b6,84190.79,748.05,c8efa9b7-37af-4f6f-9bb2-e9ca0e98e8bf,e1816686-7df7-4ca4-b867-47c802408ff7
8bf0357b-9777-4fa9-b5c8-41d8d4fe2fb5,46912.26,52.13,4f4314c7-324c-4236-88e4-b019cc1a44dd,e1816686-7df7-4ca4-b867-47c802408ff7
85a68c4e-bbbd-4ea7-92a7-4135e70194c3,69228.31,114.28,163d2c88-29c5-4597-8897-cdc49d0e4268,bcb6c8df-8c62-4816-a00d-006931ae9315
5aa27465-3058-46a2-aaa1-b35e659b81df,73017.81,447.98,6d93f0bb-c748-44e4-9284-c2071a181680,e5ed1249-9a29-4032-91fa-6b046c254f59
